{
  "algorithm_times": {
    "H_10": {
      "sgd": 1.010363536722503,
      "pipe_sgd": 0.9733963427200916,
      "localsgd": 0.9270949322320342,
      "pipe_seq_localsgd": 0.9181496917164299,
      "dream_ddp": 0.9181374107464324
    }
  },
  "speedups": {
    "H_10": {
      "over_pipe_sgd": 1.060185906082113,
      "over_localsgd": 1.009756188322965
    }
  }
}