{
  "algorithm_times": {
    "H_5": {
      "sgd": 12.927617708841813,
      "pipe_sgd": 9.198243776957236,
      "localsgd": 5.459546410242747,
      "pipe_seq_localsgd": 3.9732898391300093,
      "dream_ddp": 3.8348078397300105
    }
  },
  "speedups": {
    "H_5": {
      "over_pipe_sgd": 2.3986192167597213,
      "over_localsgd": 1.4236818736208503
    }
  }
}