{
    "conv1": 2.851291578643176e-05,
    "bn1": 0.0005753478225396604,
    "layer1.0.conv1": 0.0002702936834218551,
    "layer1.0.bn1": 0.0004317371212706274,
    "layer1.0.conv2": 0.0010483459550507215,
    "layer1.0.bn2": 0.0004485188698282047,
    "layer1.0.conv3": 0.0006044300235047632,
    "layer1.0.bn3": 0.0011242555112254862,
    "layer1.0.shortcut.0": 0.0005824225289481026,
    "layer1.0.shortcut.1": 0.0023061888558523996,
    "layer1.1.conv1": 0.0005954868939458107,
    "layer1.1.bn1": 0.0004317322555853396,
    "layer1.1.conv2": 0.001048423806015326,
    "layer1.1.bn2": 0.00042924102471799265,
    "layer1.1.conv3": 0.0005817267359519491,
    "layer1.1.bn3": 0.0011784251855344189,
    "layer1.1.shortcut": 0.0011896989783462212,
    "layer1.2.conv1": 0.0005949370715082909,
    "layer1.2.bn1": 0.0004318733604586854,
    "layer1.2.conv2": 0.0010477766698720505,
    "layer1.2.bn2": 0.00043018010197853554,
    "layer1.2.conv3": 0.000583809249255122,
    "layer1.2.bn3": 0.0011499657922861527,
    "layer1.2.shortcut": 0.0011911586839325574,
    "layer2.0.conv1": 0.0007470091994927854,
    "layer2.0.bn1": 0.0008137955957529497,
    "layer2.0.conv2": 0.0010645584184296277,
    "layer2.0.bn2": 0.00022377773207061144,
    "layer2.0.conv3": 0.0004243996678566446,
    "layer2.0.bn3": 0.0005607702294174506,
    "layer2.0.shortcut.0": 0.001841856508838887,
    "layer2.0.shortcut.1": 0.001114986380752252,
    "layer2.1.conv1": 0.0004407629674794723,
    "layer2.1.bn1": 0.00022826389390595106,
    "layer2.1.conv2": 0.00065964582015057,
    "layer2.1.bn2": 0.00022212826475805165,
    "layer2.1.conv3": 0.0004210666734345105,
    "layer2.1.bn3": 0.0005588580150993503,
    "layer2.1.shortcut": 0.000605028502795161,
    "layer2.2.conv1": 0.0004395270834163744,
    "layer2.2.bn1": 0.00022759242933623644,
    "layer2.2.conv2": 0.0006597723279680524,
    "layer2.2.bn2": 0.00024128933342135682,
    "layer2.2.conv3": 0.00042047305982940053,
    "layer2.2.bn3": 0.0005599868540861169,
    "layer2.2.shortcut": 0.0006062205956906689,
    "layer2.3.conv1": 0.00044114249093191963,
    "layer2.3.bn1": 0.0002274561901481784,
    "layer2.3.conv2": 0.0006610130777164381,
    "layer2.3.bn2": 0.00022224017551967075,
    "layer2.3.conv3": 0.00042232688592404733,
    "layer2.3.bn3": 0.0005574566977364677,
    "layer2.3.shortcut": 0.0006055783252326809,
    "layer3.0.conv1": 0.0006319698022336376,
    "layer3.0.bn1": 0.0004412349389523876,
    "layer3.0.conv2": 0.0007050864550532127,
    "layer3.0.bn2": 0.00014692909863530374,
    "layer3.0.conv3": 0.0004264286586216518,
    "layer3.0.bn3": 0.00030339494043467,
    "layer3.0.shortcut.0": 0.0011519655889394333,
    "layer3.0.shortcut.1": 0.0005696549707529497,
    "layer3.1.conv1": 0.00041080494316256776,
    "layer3.1.bn1": 0.00014427243446817203,
    "layer3.1.conv2": 0.0005400959326296436,
    "layer3.1.bn2": 0.00014562509497817683,
    "layer3.1.conv3": 0.00042311512694066886,
    "layer3.1.bn3": 0.0003010934712935467,
    "layer3.1.shortcut": 0.0003176562640131736,
    "layer3.2.conv1": 0.00040944741696727517,
    "layer3.2.bn1": 0.00014580999101911272,
    "layer3.2.conv2": 0.0005400667385179169,
    "layer3.2.bn2": 0.0001448757794438576,
    "layer3.2.conv3": 0.0004223998712033642,
    "layer3.2.bn3": 0.0003003830812415298,
    "layer3.2.shortcut": 0.0003180747129479233,
    "layer3.3.conv1": 0.00041073195788325097,
    "layer3.3.bn1": 0.00014321171507543446,
    "layer3.3.conv2": 0.0005383637486671915,
    "layer3.3.bn2": 0.00014546939304896763,
    "layer3.3.conv3": 0.00042117858419612965,
    "layer3.3.bn3": 0.00029977000489526864,
    "layer3.3.shortcut": 0.00031825474330357144,
    "layer3.4.conv1": 0.0004079536515839246,
    "layer3.4.bn1": 0.00014508013822594467,
    "layer3.4.conv2": 0.0005388649142518335,
    "layer3.4.bn2": 0.00014554237832828444,
    "layer3.4.conv3": 0.0004231978435905612,
    "layer3.4.bn3": 0.0002995607804278938,
    "layer3.4.shortcut": 0.000318196355080118,
    "layer3.5.conv1": 0.00040789526336047115,
    "layer3.5.bn1": 0.00014524070584044164,
    "layer3.5.conv2": 0.0005389816906987404,
    "layer3.5.bn2": 0.00014647658990353955,
    "layer3.5.conv3": 0.0004235433072459941,
    "layer3.5.bn3": 0.00030238287789481025,
    "layer3.5.shortcut": 0.00031718429254025827,
    "layer4.0.conv1": 0.0007469751396957709,
    "layer4.0.bn1": 0.0002398442248908841,
    "layer4.0.conv2": 0.000587828305302834,
    "layer4.0.bn2": 0.00014434055406220106,
    "layer4.0.conv3": 0.0004232416347581513,
    "layer4.0.bn3": 0.0001363559645049426,
    "layer4.0.shortcut.0": 0.000865342665691765,
    "layer4.0.shortcut.1": 0.0002527480222740952,
    "layer4.1.conv1": 0.00042328542592574137,
    "layer4.1.bn1": 0.00011302986923529177,
    "layer4.1.conv2": 0.0005646822403888313,
    "layer4.1.bn2": 0.00011570599614357461,
    "layer4.1.conv3": 0.00041009455311055086,
    "layer4.1.bn3": 0.00013165571251694036,
    "layer4.1.shortcut": 0.00017897936762595662,
    "layer4.2.conv1": 0.00042738233293805806,
    "layer4.2.bn1": 0.00012324294265435667,
    "layer4.2.conv2": 0.0005705259284194635,
    "layer4.2.bn2": 0.00012560280001893336,
    "layer4.2.conv3": 0.00045516539593132174,
    "layer4.2.bn3": 0.00014965388239646443,
    "layer4.2.shortcut": 0.00016735037978814573,
    "linear": 0.000592397183788066
}