{
    "conv1": 2.5252906643614478e-05,
    "bn1": 0.0005741897894411671,
    "layer1.0.conv1": 0.00026458623457928094,
    "layer1.0.bn1": 0.0004290463973064812,
    "layer1.0.conv2": 0.0010362352643694197,
    "layer1.0.bn2": 0.00042842358958964445,
    "layer1.0.conv3": 0.0005736253699477838,
    "layer1.0.bn3": 0.0011160568315155652,
    "layer1.0.shortcut.0": 0.0005755667783776109,
    "layer1.0.shortcut.1": 0.002305371420724051,
    "layer1.1.conv1": 0.0005886652031723334,
    "layer1.1.bn1": 0.0004296740707086057,
    "layer1.1.conv2": 0.001038692435439752,
    "layer1.1.bn2": 0.00042749424369967713,
    "layer1.1.conv3": 0.0005766712889379384,
    "layer1.1.bn3": 0.0011737249335464165,
    "layer1.1.shortcut": 0.001188195481592295,
    "layer1.2.conv1": 0.0005896383402298908,
    "layer1.2.bn1": 0.0004289928747683155,
    "layer1.2.conv2": 0.0010377144326969069,
    "layer1.2.bn2": 0.0004281559768988162,
    "layer1.2.conv3": 0.0005752261804074657,
    "layer1.2.bn3": 0.0011380691917575135,
    "layer1.2.shortcut": 0.0011898984714430205,
    "layer2.0.conv1": 0.0007400707322724011,
    "layer2.0.bn1": 0.0008106620944276148,
    "layer2.0.conv2": 0.0010555374379060706,
    "layer2.0.bn2": 0.00022197256282884247,
    "layer2.0.conv3": 0.0004200643422652264,
    "layer2.0.bn3": 0.0005522017576256577,
    "layer2.0.shortcut.0": 0.0018310692845558633,
    "layer2.0.shortcut.1": 0.0011128990017637915,
    "layer2.1.conv1": 0.000436359522294025,
    "layer2.1.bn1": 0.00022531528862155213,
    "layer2.1.conv2": 0.0006516417678521604,
    "layer2.1.bn2": 0.00022048366313077967,
    "layer2.1.conv3": 0.0004163128989083426,
    "layer2.1.bn3": 0.0005517346518380302,
    "layer2.1.shortcut": 0.0006039969775141502,
    "layer2.2.conv1": 0.00043567346066844705,
    "layer2.2.bn1": 0.00022562182679468273,
    "layer2.2.conv2": 0.0006514276776994978,
    "layer2.2.bn2": 0.00022141300902074696,
    "layer2.2.conv3": 0.00041636642144650827,
    "layer2.2.bn3": 0.0005539339415881098,
    "layer2.2.shortcut": 0.0006046684420838648,
    "layer2.3.conv1": 0.00043683149376694036,
    "layer2.3.bn1": 0.00022535421410385442,
    "layer2.3.conv2": 0.0006525857107979911,
    "layer2.3.bn2": 0.00022058584252182317,
    "layer2.3.conv3": 0.00041679460175183354,
    "layer2.3.bn3": 0.0005511021127506178,
    "layer2.3.shortcut": 0.0006049652488864198,
    "layer3.0.conv1": 0.0006245788262814892,
    "layer3.0.bn1": 0.00043905511194345905,
    "layer3.0.conv2": 0.000697311089963329,
    "layer3.0.bn2": 0.00014067669304049745,
    "layer3.0.conv3": 0.00042169921252192285,
    "layer3.0.bn3": 0.0002974247445865553,
    "layer3.0.shortcut.0": 0.0011448227629369619,
    "layer3.0.shortcut.1": 0.00056813687694316,
    "layer3.1.conv1": 0.0004068540067088847,
    "layer3.1.bn1": 0.00013637542724609375,
    "layer3.1.conv2": 0.0005333180330237563,
    "layer3.1.bn2": 0.00013853579151387117,
    "layer3.1.conv3": 0.0004179429034797513,
    "layer3.1.bn3": 0.00029568769493881536,
    "layer3.1.shortcut": 0.000316848560255401,
    "layer3.2.conv1": 0.0004060073774688098,
    "layer3.2.bn1": 0.00014083239496970662,
    "layer3.2.conv2": 0.0005332012565768495,
    "layer3.2.bn2": 0.00014132869486906092,
    "layer3.2.conv3": 0.0004187408758669483,
    "layer3.2.bn3": 0.00029772155138911035,
    "layer3.2.shortcut": 0.00031767572675432475,
    "layer3.3.conv1": 0.0004080996221425582,
    "layer3.3.bn1": 0.00014262296715561223,
    "layer3.3.conv2": 0.0005340381544463489,
    "layer3.3.bn2": 0.0001433090287811902,
    "layer3.3.conv3": 0.00042109100186094945,
    "layer3.3.bn3": 0.00029927857068120215,
    "layer3.3.shortcut": 0.00031887268533512035,
    "layer3.4.conv1": 0.0004075838595020528,
    "layer3.4.bn1": 0.00014639387325364716,
    "layer3.4.conv2": 0.0005342571102842993,
    "layer3.4.bn2": 0.00014705074076749842,
    "layer3.4.conv3": 0.0004211980469372808,
    "layer3.4.bn3": 0.00029888931585817923,
    "layer3.4.shortcut": 0.00031918408919353876,
    "layer3.5.conv1": 0.00040602684020996094,
    "layer3.5.bn1": 0.0001478049219871054,
    "layer3.5.conv2": 0.000533050420332928,
    "layer3.5.bn2": 0.00014834987873933752,
    "layer3.5.conv3": 0.0004201762530268455,
    "layer3.5.bn3": 0.00030089397819674745,
    "layer3.5.shortcut": 0.00031809417568907445,
    "layer4.0.conv1": 0.000731439006571867,
    "layer4.0.bn1": 0.0002342632838657924,
    "layer4.0.conv2": 0.0005774157387869698,
    "layer4.0.bn2": 0.00011424629055723852,
    "layer4.0.conv3": 0.00040913114742356904,
    "layer4.0.bn3": 0.00013420533160774076,
    "layer4.0.shortcut.0": 0.0008556210264867665,
    "layer4.0.shortcut.1": 0.0002529961722237723,
    "layer4.1.conv1": 0.00041970428155393015,
    "layer4.1.bn1": 0.00011410031999860491,
    "layer4.1.conv2": 0.0005582546701236647,
    "layer4.1.bn2": 0.0001155259657879265,
    "layer4.1.conv3": 0.0004065863940180564,
    "layer4.1.bn3": 0.00012896985423808195,
    "layer4.1.shortcut": 0.00017331570995097258,
    "layer4.2.conv1": 0.0004198161923155493,
    "layer4.2.bn1": 0.00011596874314911512,
    "layer4.2.conv2": 0.0005596559874865473,
    "layer4.2.bn2": 0.00011772038985271843,
    "layer4.2.conv3": 0.00042372820328693,
    "layer4.2.bn3": 0.0001340788237902583,
    "layer4.2.shortcut": 0.00015305013072733977,
    "linear": 0.0004024797556351642
}