{
    "model.embed_tokens": 0.024154172224156997,
    "model.layers.0.self_attn.q_proj": 0.0010921464246862074,
    "model.layers.0.self_attn.k_proj": 0.00043851487776812385,
    "model.layers.0.self_attn.v_proj": 0.0004267412073471967,
    "model.layers.0.self_attn.o_proj": 0.0004268604166367475,
    "model.layers.0.self_attn.rotary_emb": 1.8680796903722428e-05,
    "model.layers.0.mlp.gate_proj": 0.0076318137785967655,
    "model.layers.0.mlp.up_proj": 0.007619612357195686,
    "model.layers.0.mlp.down_proj": 0.00761870776905733,
    "model.layers.0.mlp.act_fn": 1.1366956374224495e-05,
    "model.layers.0.input_layernorm": 0.0002407045925364775,
    "model.layers.0.post_attention_layernorm": 6.335623124066521e-05,
    "model.layers.1.self_attn.q_proj": 0.0004236347535077263,
    "model.layers.1.self_attn.k_proj": 0.00042333322412827434,
    "model.layers.1.self_attn.v_proj": 0.00042676224428064684,
    "model.layers.1.self_attn.o_proj": 0.0004249109941370347,
    "model.layers.1.self_attn.rotary_emb": 1.0777922237620634e-05,
    "model.layers.1.mlp.gate_proj": 0.007638959323658663,
    "model.layers.1.mlp.up_proj": 0.007625271292293773,
    "model.layers.1.mlp.down_proj": 0.007606127682854147,
    "model.layers.1.mlp.act_fn": 1.1380980996524586e-05,
    "model.layers.1.input_layernorm": 0.0002358871347763959,
    "model.layers.1.post_attention_layernorm": 6.501113667207606e-05,
    "model.layers.2.self_attn.q_proj": 0.00041806697845458984,
    "model.layers.2.self_attn.k_proj": 0.0004259979023652918,
    "model.layers.2.self_attn.v_proj": 0.0004237679874195772,
    "model.layers.2.self_attn.o_proj": 0.0004290903315824621,
    "model.layers.2.self_attn.rotary_emb": 1.0848045349121094e-05,
    "model.layers.2.mlp.gate_proj": 0.0076283496968886436,
    "model.layers.2.mlp.up_proj": 0.007623237722060259,
    "model.layers.2.mlp.down_proj": 0.0076057560303631954,
    "model.layers.2.mlp.act_fn": 1.1366956374224495e-05,
    "model.layers.2.input_layernorm": 0.0002661733066334444,
    "model.layers.2.post_attention_layernorm": 6.543888765222887e-05,
    "model.layers.3.self_attn.q_proj": 0.0004199462778428022,
    "model.layers.3.self_attn.k_proj": 0.00042282833772547105,
    "model.layers.3.self_attn.v_proj": 0.0004215240478515625,
    "model.layers.3.self_attn.o_proj": 0.00042323505177217373,
    "model.layers.3.self_attn.rotary_emb": 1.071481143727022e-05,
    "model.layers.3.mlp.gate_proj": 0.007636582150178797,
    "model.layers.3.mlp.up_proj": 0.007625825264874627,
    "model.layers.3.mlp.down_proj": 0.007618139771854176,
    "model.layers.3.mlp.act_fn": 1.0932193082921645e-05,
    "model.layers.3.input_layernorm": 0.00022132256451775045,
    "model.layers.3.post_attention_layernorm": 6.494802587172565e-05,
    "model.layers.4.self_attn.q_proj": 0.00041878223419189453,
    "model.layers.4.self_attn.k_proj": 0.0004238240859087776,
    "model.layers.4.self_attn.v_proj": 0.0004249460556927849,
    "model.layers.4.self_attn.o_proj": 0.0004234454211066751,
    "model.layers.4.self_attn.rotary_emb": 1.0343158946317785e-05,
    "model.layers.4.mlp.gate_proj": 0.0076361894607543945,
    "model.layers.4.mlp.up_proj": 0.007626814000746783,
    "model.layers.4.mlp.down_proj": 0.007618953199947581,
    "model.layers.4.mlp.act_fn": 1.0918168460621554e-05,
    "model.layers.4.input_layernorm": 0.0002299056333654067,
    "model.layers.4.post_attention_layernorm": 6.25918893253102e-05,
    "model.layers.5.self_attn.q_proj": 0.0004186349756577436,
    "model.layers.5.self_attn.k_proj": 0.000424953068003935,
    "model.layers.5.self_attn.v_proj": 0.00042496008031508504,
    "model.layers.5.self_attn.o_proj": 0.00042136977700626147,
    "model.layers.5.self_attn.rotary_emb": 1.0364195879767922e-05,
    "model.layers.5.mlp.gate_proj": 0.007633468684028177,
    "model.layers.5.mlp.up_proj": 0.00762935946969425,
    "model.layers.5.mlp.down_proj": 0.007619009298436782,
    "model.layers.5.mlp.act_fn": 1.0911156149471508e-05,
    "model.layers.5.input_layernorm": 0.00023350294898538028,
    "model.layers.5.post_attention_layernorm": 6.130863638485179e-05,
    "model.layers.6.self_attn.q_proj": 0.0004212014815386604,
    "model.layers.6.self_attn.k_proj": 0.00042348048266242533,
    "model.layers.6.self_attn.v_proj": 0.00048553943634033203,
    "model.layers.6.self_attn.o_proj": 0.00042227436514461744,
    "model.layers.6.self_attn.rotary_emb": 1.0385232813218061e-05,
    "model.layers.6.mlp.gate_proj": 0.007635656525106991,
    "model.layers.6.mlp.up_proj": 0.007634120828965131,
    "model.layers.6.mlp.down_proj": 0.007650571710923139,
    "model.layers.6.mlp.act_fn": 1.0974266949821921e-05,
    "model.layers.6.input_layernorm": 0.00023047363056856042,
    "model.layers.6.post_attention_layernorm": 6.664500517003676e-05,
    "model.layers.7.self_attn.q_proj": 0.0004198410931755515,
    "model.layers.7.self_attn.k_proj": 0.0004215871586519129,
    "model.layers.7.self_attn.v_proj": 0.0004256262498743394,
    "model.layers.7.self_attn.o_proj": 0.00042653785032384535,
    "model.layers.7.self_attn.rotary_emb": 1.0308097390567555e-05,
    "model.layers.7.mlp.gate_proj": 0.0076382019940544575,
    "model.layers.7.mlp.up_proj": 0.007624941713669721,
    "model.layers.7.mlp.down_proj": 0.00761562936446246,
    "model.layers.7.mlp.act_fn": 1.1023353127872242e-05,
    "model.layers.7.input_layernorm": 0.00022067041958079617,
    "model.layers.7.post_attention_layernorm": 5.907170912798713e-05,
    "model.norm": 5.65332524916705e-05,
    "lm_head": 0.022085084634668687
}