{
    "model.embed_tokens": 0.023484499975182545,
    "model.layers.0.self_attn.q_proj": 0.0007685039235257555,
    "model.layers.0.self_attn.k_proj": 0.0004377077365743703,
    "model.layers.0.self_attn.v_proj": 0.0004292000299212576,
    "model.layers.0.self_attn.o_proj": 0.00042837104578127806,
    "model.layers.0.self_attn.rotary_emb": 1.113031102322984e-05,
    "model.layers.0.mlp.gate_proj": 0.007640446739635248,
    "model.layers.0.mlp.up_proj": 0.0076250509284008505,
    "model.layers.0.mlp.down_proj": 0.007613810999640103,
    "model.layers.0.mlp.act_fn": 1.1694842371447332e-05,
    "model.layers.0.input_layernorm": 0.00023895159535024357,
    "model.layers.0.post_attention_layernorm": 6.454429407229368e-05,
    "model.layers.1.self_attn.q_proj": 0.0004291972894778197,
    "model.layers.1.self_attn.k_proj": 0.0004264691780353415,
    "model.layers.1.self_attn.v_proj": 0.0004264623269267466,
    "model.layers.1.self_attn.o_proj": 0.0004267884396958625,
    "model.layers.1.self_attn.rotary_emb": 1.0609626770019531e-05,
    "model.layers.1.mlp.gate_proj": 0.0076401877677303625,
    "model.layers.1.mlp.up_proj": 0.007624142471401171,
    "model.layers.1.mlp.down_proj": 0.007612606574749124,
    "model.layers.1.mlp.act_fn": 1.1137162131824713e-05,
    "model.layers.1.input_layernorm": 0.00023729773773544137,
    "model.layers.1.post_attention_layernorm": 6.387014498655824e-05,
    "model.layers.2.self_attn.q_proj": 0.00042295866999132877,
    "model.layers.2.self_attn.k_proj": 0.0004230888410546314,
    "model.layers.2.self_attn.v_proj": 0.0004245755316197187,
    "model.layers.2.self_attn.o_proj": 0.000424829022637729,
    "model.layers.2.self_attn.rotary_emb": 1.0424646837957974e-05,
    "model.layers.2.mlp.gate_proj": 0.007637729589966522,
    "model.layers.2.mlp.up_proj": 0.007626963757920539,
    "model.layers.2.mlp.down_proj": 0.007613737007667278,
    "model.layers.2.mlp.act_fn": 1.1181009226831896e-05,
    "model.layers.2.input_layernorm": 0.0002296286067743411,
    "model.layers.2.post_attention_layernorm": 6.475804866045371e-05,
    "model.layers.3.self_attn.q_proj": 0.0004226147443398662,
    "model.layers.3.self_attn.k_proj": 0.0004249797470268162,
    "model.layers.3.self_attn.v_proj": 0.00042457827206315667,
    "model.layers.3.self_attn.o_proj": 0.00042431655971483253,
    "model.layers.3.self_attn.rotary_emb": 1.0483566371873877e-05,
    "model.layers.3.mlp.gate_proj": 0.007639065556142522,
    "model.layers.3.mlp.up_proj": 0.007629235585530599,
    "model.layers.3.mlp.down_proj": 0.007619920818285011,
    "model.layers.3.mlp.act_fn": 1.0927518208821615e-05,
    "model.layers.3.input_layernorm": 0.00022227051614344805,
    "model.layers.3.post_attention_layernorm": 6.17928888605929e-05,
    "model.layers.4.self_attn.q_proj": 0.0004232861529821637,
    "model.layers.4.self_attn.k_proj": 0.00042780788465477955,
    "model.layers.4.self_attn.v_proj": 0.00042898079444622173,
    "model.layers.4.self_attn.o_proj": 0.00043073056758135213,
    "model.layers.4.self_attn.rotary_emb": 1.0347914421695402e-05,
    "model.layers.4.mlp.gate_proj": 0.007636928010260922,
    "model.layers.4.mlp.up_proj": 0.007626833586857237,
    "model.layers.4.mlp.down_proj": 0.007618549226344317,
    "model.layers.4.mlp.act_fn": 1.0912445769912895e-05,
    "model.layers.4.input_layernorm": 0.0002211126787909146,
    "model.layers.4.post_attention_layernorm": 6.208337586501548e-05,
    "model.layers.5.self_attn.q_proj": 0.0004238342416697535,
    "model.layers.5.self_attn.k_proj": 0.0004243124490496756,
    "model.layers.5.self_attn.v_proj": 0.00042488931239336385,
    "model.layers.5.self_attn.o_proj": 0.0004245111311989269,
    "model.layers.5.self_attn.rotary_emb": 1.0354765530290274e-05,
    "model.layers.5.mlp.gate_proj": 0.0076386997069435554,
    "model.layers.5.mlp.up_proj": 0.007626005972938976,
    "model.layers.5.mlp.down_proj": 0.007621228009804912,
    "model.layers.5.mlp.act_fn": 1.0860377344591864e-05,
    "model.layers.5.input_layernorm": 0.00022446013045036929,
    "model.layers.5.post_attention_layernorm": 6.449770653384856e-05,
    "model.layers.6.self_attn.q_proj": 0.000421925522815222,
    "model.layers.6.self_attn.k_proj": 0.00042403018337556684,
    "model.layers.6.self_attn.v_proj": 0.0004249948194657249,
    "model.layers.6.self_attn.o_proj": 0.0004249235679363382,
    "model.layers.6.self_attn.rotary_emb": 1.0378059299512842e-05,
    "model.layers.6.mlp.gate_proj": 0.007635123428257032,
    "model.layers.6.mlp.up_proj": 0.007621122502732551,
    "model.layers.6.mlp.down_proj": 0.007614887993911217,
    "model.layers.6.mlp.act_fn": 1.0839824018807247e-05,
    "model.layers.6.input_layernorm": 0.00023488203684488931,
    "model.layers.6.post_attention_layernorm": 6.073233725010663e-05,
    "model.layers.7.self_attn.q_proj": 0.00042337384717217806,
    "model.layers.7.self_attn.k_proj": 0.00042506333055167364,
    "model.layers.7.self_attn.v_proj": 0.00043000435007029567,
    "model.layers.7.self_attn.o_proj": 0.0004261663590354481,
    "model.layers.7.self_attn.rotary_emb": 1.0297216218093346e-05,
    "model.layers.7.mlp.gate_proj": 0.0076384105901608525,
    "model.layers.7.mlp.up_proj": 0.0076287888932502134,
    "model.layers.7.mlp.down_proj": 0.007618061427412362,
    "model.layers.7.mlp.act_fn": 1.0871339118343661e-05,
    "model.layers.7.input_layernorm": 0.00022632774265333153,
    "model.layers.7.post_attention_layernorm": 6.211626118627088e-05,
    "model.norm": 5.8618085137728986e-05,
    "lm_head": 0.022086159936312973
}