{
    "transformer.wte": 1.2271646843400112,
    "transformer.wpe": 0.03755689221759175,
    "transformer.drop": 1.3772831406704216e-05,
    "transformer.h.0.ln_1": 0.009410409040229266,
    "transformer.h.0.attn.c_attn": 0.059337621511414994,
    "transformer.h.0.attn.c_proj": 0.036956271459889965,
    "transformer.h.0.attn.attn_dropout": 1.149399335994277e-05,
    "transformer.h.0.attn.resid_dropout": 9.969223377316497e-06,
    "transformer.h.0.ln_2": 0.0004070359607075536,
    "transformer.h.0.mlp.c_fc": 0.07938439901484999,
    "transformer.h.0.mlp.c_proj": 0.07918646169263263,
    "transformer.h.0.mlp.act": 1.2076178262400073e-05,
    "transformer.h.0.mlp.dropout": 9.775161743164062e-06,
    "transformer.h.1.ln_1": 0.0004955946012984875,
    "transformer.h.1.attn.c_attn": 0.059036975683167923,
    "transformer.h.1.attn.c_proj": 0.036961006563763284,
    "transformer.h.1.attn.attn_dropout": 1.1311020962027616e-05,
    "transformer.h.1.attn.resid_dropout": 1.004130341285883e-05,
    "transformer.h.1.ln_2": 0.00042308208554290064,
    "transformer.h.1.mlp.c_fc": 0.0793680091236913,
    "transformer.h.1.mlp.c_proj": 0.07918963875881462,
    "transformer.h.1.mlp.act": 1.1455181033112281e-05,
    "transformer.h.1.mlp.dropout": 1.0008035704146984e-05,
    "transformer.h.2.ln_1": 0.0003990849783254224,
    "transformer.h.2.attn.c_attn": 0.05917539707449979,
    "transformer.h.2.attn.c_proj": 0.03697277778802916,
    "transformer.h.2.attn.attn_dropout": 1.1405279470044513e-05,
    "transformer.h.2.attn.resid_dropout": 9.969223377316497e-06,
    "transformer.h.2.ln_2": 0.0003940061081287473,
    "transformer.h.2.mlp.c_fc": 0.07939845462178075,
    "transformer.h.2.mlp.c_proj": 0.07918162678563317,
    "transformer.h.2.mlp.act": 1.1416368706281795e-05,
    "transformer.h.2.mlp.dropout": 1.0063481885333394e-05,
    "transformer.h.3.ln_1": 0.000416234482166379,
    "transformer.h.3.attn.c_attn": 0.05917044573051985,
    "transformer.h.3.attn.c_proj": 0.03695496847463209,
    "transformer.h.3.attn.attn_dropout": 1.1133593182231104e-05,
    "transformer.h.3.attn.resid_dropout": 1.0080115739689317e-05,
    "transformer.h.3.ln_2": 0.0003801334735959075,
    "transformer.h.3.mlp.c_fc": 0.07942212459652923,
    "transformer.h.3.mlp.c_proj": 0.0791824972906778,
    "transformer.h.3.mlp.act": 1.1477359505586845e-05,
    "transformer.h.3.mlp.dropout": 9.93041105048601e-06,
    "transformer.h.4.ln_1": 0.00041116670120594116,
    "transformer.h.4.attn.c_attn": 0.05915380078692769,
    "transformer.h.4.attn.c_proj": 0.03696302480475847,
    "transformer.h.4.attn.attn_dropout": 1.1128048564112464e-05,
    "transformer.h.4.attn.resid_dropout": 9.941500286723292e-06,
    "transformer.h.4.ln_2": 0.00039224291956701943,
    "transformer.h.4.mlp.c_fc": 0.07939515002938204,
    "transformer.h.4.mlp.c_proj": 0.07919880401256472,
    "transformer.h.4.mlp.act": 1.200409822685774e-05,
    "transformer.h.4.mlp.dropout": 1.0085660357807958e-05,
    "transformer.h.5.ln_1": 0.00039521483487861103,
    "transformer.h.5.attn.c_attn": 0.059171099995457846,
    "transformer.h.5.attn.c_proj": 0.03701624759407931,
    "transformer.h.5.attn.attn_dropout": 1.1355377906976744e-05,
    "transformer.h.5.attn.resid_dropout": 9.913777196130088e-06,
    "transformer.h.5.ln_2": 0.00039079577423805414,
    "transformer.h.5.mlp.c_fc": 0.07935654285342195,
    "transformer.h.5.mlp.c_proj": 0.07918643396954204,
    "transformer.h.5.mlp.act": 1.1427457942519077e-05,
    "transformer.h.5.mlp.dropout": 1.0057937267214753e-05,
    "transformer.h.6.ln_1": 0.00041126650433207667,
    "transformer.h.6.attn.c_attn": 0.05914613258006961,
    "transformer.h.6.attn.c_proj": 0.03697982499765795,
    "transformer.h.6.attn.attn_dropout": 1.1233396308366643e-05,
    "transformer.h.6.attn.resid_dropout": 9.969223377316497e-06,
    "transformer.h.6.ln_2": 0.0003836099491562954,
    "transformer.h.6.mlp.c_fc": 0.07939018205154774,
    "transformer.h.6.mlp.c_proj": 0.07920530784961789,
    "transformer.h.6.mlp.act": 1.1488448741824128e-05,
    "transformer.h.6.mlp.dropout": 9.919321814248728e-06,
    "transformer.h.7.ln_1": 0.00040257808774016627,
    "transformer.h.7.attn.c_attn": 0.059154266534849655,
    "transformer.h.7.attn.c_proj": 0.03696768228397813,
    "transformer.h.7.attn.attn_dropout": 1.1238940926485283e-05,
    "transformer.h.7.attn.resid_dropout": 9.86942025118096e-06,
    "transformer.h.7.ln_2": 0.00038952051207076673,
    "transformer.h.7.mlp.c_fc": 0.07941424569418264,
    "transformer.h.7.mlp.c_proj": 0.07915323834086574,
    "transformer.h.7.mlp.act": 1.138310099756995e-05,
    "transformer.h.7.mlp.dropout": 9.996946467909702e-06,
    "transformer.h.8.ln_1": 0.00040313254955203035,
    "transformer.h.8.attn.c_attn": 0.05919724841450536,
    "transformer.h.8.attn.c_proj": 0.03694828166518101,
    "transformer.h.8.attn.attn_dropout": 1.1377556379451308e-05,
    "transformer.h.8.attn.resid_dropout": 1.004130341285883e-05,
    "transformer.h.8.ln_2": 0.00041427723197049875,
    "transformer.h.8.mlp.c_fc": 0.07938197047211402,
    "transformer.h.8.mlp.c_proj": 0.07918129410854606,
    "transformer.h.8.mlp.act": 1.1466270269349564e-05,
    "transformer.h.8.mlp.dropout": 1.004684803097747e-05,
    "transformer.h.9.ln_1": 0.0004231763440509175,
    "transformer.h.9.attn.c_attn": 0.05914985301882722,
    "transformer.h.9.attn.c_proj": 0.03696589691694393,
    "transformer.h.9.attn.attn_dropout": 1.1144682418468387e-05,
    "transformer.h.9.attn.resid_dropout": 1.0057937267214753e-05,
    "transformer.h.9.ln_2": 0.00038507372833961664,
    "transformer.h.9.mlp.c_fc": 0.07941153992054074,
    "transformer.h.9.mlp.c_proj": 0.07918981064197629,
    "transformer.h.9.mlp.act": 1.1366467143214027e-05,
    "transformer.h.9.mlp.dropout": 9.935955668604652e-06,
    "transformer.h.10.ln_1": 0.0004078288410985193,
    "transformer.h.10.attn.c_attn": 0.059149198753889215,
    "transformer.h.10.attn.c_proj": 0.03697371482849121,
    "transformer.h.10.attn.attn_dropout": 1.1294387107671693e-05,
    "transformer.h.10.attn.resid_dropout": 9.974767995435138e-06,
    "transformer.h.10.ln_2": 0.00038603849189226017,
    "transformer.h.10.mlp.c_fc": 0.07937314344006915,
    "transformer.h.10.mlp.c_proj": 0.07921021483665289,
    "transformer.h.10.mlp.act": 1.1671421139739281e-05,
    "transformer.h.10.mlp.dropout": 1.0301900464434957e-05,
    "transformer.h.11.ln_1": 0.0003936179848604424,
    "transformer.h.11.attn.c_attn": 0.05918653621230015,
    "transformer.h.11.attn.c_proj": 0.03697062093158101,
    "transformer.h.11.attn.attn_dropout": 1.1377556379451308e-05,
    "transformer.h.11.attn.resid_dropout": 1.0113383448401162e-05,
    "transformer.h.11.ln_2": 0.0003804273383561955,
    "transformer.h.11.mlp.c_fc": 0.07938945016195607,
    "transformer.h.11.mlp.c_proj": 0.07920022897942122,
    "transformer.h.11.mlp.act": 1.1510627214298692e-05,
    "transformer.h.11.mlp.dropout": 1.004130341285883e-05,
    "transformer.ln_f": 0.0004130019698032113,
    "lm_head": 1.2736826885578245
}