{
    "transformer.wte": 1.2559008542881456,
    "transformer.wpe": 0.021258892014969225,
    "transformer.drop": 1.4321748600449673e-05,
    "transformer.h.0.ln_1": 0.005402326583862305,
    "transformer.h.0.attn.c_attn": 0.05940557635107706,
    "transformer.h.0.attn.c_proj": 0.036837555641351744,
    "transformer.h.0.attn.attn_dropout": 1.1638153431027435e-05,
    "transformer.h.0.attn.resid_dropout": 1.0107838830282522e-05,
    "transformer.h.0.ln_2": 0.0003928860952687818,
    "transformer.h.0.mlp.c_fc": 0.0795716130456259,
    "transformer.h.0.mlp.c_proj": 0.07909303487733353,
    "transformer.h.0.mlp.act": 1.2275784514671149e-05,
    "transformer.h.0.mlp.dropout": 1.0080115739689317e-05,
    "transformer.h.1.ln_1": 0.0004509382469709529,
    "transformer.h.1.attn.c_attn": 0.05903767984966899,
    "transformer.h.1.attn.c_proj": 0.03690239995024925,
    "transformer.h.1.attn.attn_dropout": 1.1482904123705487e-05,
    "transformer.h.1.attn.resid_dropout": 1.0024669558502906e-05,
    "transformer.h.1.ln_2": 0.0003816027973973474,
    "transformer.h.1.mlp.c_fc": 0.07958085592402968,
    "transformer.h.1.mlp.c_proj": 0.07907820302386616,
    "transformer.h.1.mlp.act": 1.1798947356468024e-05,
    "transformer.h.1.mlp.dropout": 1.0118928066519804e-05,
    "transformer.h.2.ln_1": 0.0004227438638376635,
    "transformer.h.2.attn.c_attn": 0.059135420377864394,
    "transformer.h.2.attn.c_proj": 0.036900597949360694,
    "transformer.h.2.attn.attn_dropout": 1.1388645615688591e-05,
    "transformer.h.2.attn.resid_dropout": 1.0063481885333394e-05,
    "transformer.h.2.ln_2": 0.0003888717917508857,
    "transformer.h.2.mlp.c_fc": 0.07955756852793139,
    "transformer.h.2.mlp.c_proj": 0.07910307063612827,
    "transformer.h.2.mlp.act": 1.2131624443586482e-05,
    "transformer.h.2.mlp.dropout": 1.0085660357807958e-05,
    "transformer.h.3.ln_1": 0.0003799671350523483,
    "transformer.h.3.attn.c_attn": 0.059178973353186316,
    "transformer.h.3.attn.c_proj": 0.0368739505146825,
    "transformer.h.3.attn.attn_dropout": 1.1444091796875e-05,
    "transformer.h.3.attn.resid_dropout": 1.0002491086028344e-05,
    "transformer.h.3.ln_2": 0.00037506569263546965,
    "transformer.h.3.mlp.c_fc": 0.07962110430695289,
    "transformer.h.3.mlp.c_proj": 0.07907500932382983,
    "transformer.h.3.mlp.act": 1.1937562809434048e-05,
    "transformer.h.3.mlp.dropout": 9.941500286723292e-06,
    "transformer.h.4.ln_1": 0.00038081546162450035,
    "transformer.h.4.attn.c_attn": 0.05912460282791492,
    "transformer.h.4.attn.c_proj": 0.036911332330038384,
    "transformer.h.4.attn.attn_dropout": 1.1194583981536156e-05,
    "transformer.h.4.attn.resid_dropout": 1.0130017302757086e-05,
    "transformer.h.4.ln_2": 0.00042488408643145893,
    "transformer.h.4.mlp.c_fc": 0.07954578066981116,
    "transformer.h.4.mlp.c_proj": 0.07911452027254326,
    "transformer.h.4.mlp.act": 1.1704688848451126e-05,
    "transformer.h.4.mlp.dropout": 9.924866432367369e-06,
    "transformer.h.5.ln_1": 0.0004255716190781704,
    "transformer.h.5.attn.c_attn": 0.0590865223906761,
    "transformer.h.5.attn.c_proj": 0.03690789466680482,
    "transformer.h.5.attn.attn_dropout": 1.1549439541129179e-05,
    "transformer.h.5.attn.resid_dropout": 9.830607924350472e-06,
    "transformer.h.5.ln_2": 0.0003876963327097338,
    "transformer.h.5.mlp.c_fc": 0.0795469561288523,
    "transformer.h.5.mlp.c_proj": 0.07915859444196834,
    "transformer.h.5.mlp.act": 1.1920928955078125e-05,
    "transformer.h.5.mlp.dropout": 1.0019124940384266e-05,
    "transformer.h.6.ln_1": 0.0003856004670608875,
    "transformer.h.6.attn.c_attn": 0.059105473895405616,
    "transformer.h.6.attn.c_proj": 0.03688639818235885,
    "transformer.h.6.attn.attn_dropout": 1.1477359505586845e-05,
    "transformer.h.6.attn.resid_dropout": 1.009674959404524e-05,
    "transformer.h.6.ln_2": 0.0003816194312517033,
    "transformer.h.6.mlp.c_fc": 0.07960384945536769,
    "transformer.h.6.mlp.c_proj": 0.07910577640977016,
    "transformer.h.6.mlp.act": 1.166587652162064e-05,
    "transformer.h.6.mlp.dropout": 9.958134141079216e-06,
    "transformer.h.7.ln_1": 0.0003932575846827307,
    "transformer.h.7.attn.c_attn": 0.05910339466361112,
    "transformer.h.7.attn.c_proj": 0.03690486176069393,
    "transformer.h.7.attn.attn_dropout": 1.1261119398959847e-05,
    "transformer.h.7.attn.resid_dropout": 1.0008035704146984e-05,
    "transformer.h.7.ln_2": 0.0003736961719601653,
    "transformer.h.7.mlp.c_fc": 0.07960729820783748,
    "transformer.h.7.mlp.c_proj": 0.07912652991538824,
    "transformer.h.7.mlp.act": 1.1638153431027435e-05,
    "transformer.h.7.mlp.dropout": 1.0063481885333394e-05,
    "transformer.h.8.ln_1": 0.0003852567007375318,
    "transformer.h.8.attn.c_attn": 0.059110502864039224,
    "transformer.h.8.attn.c_proj": 0.03689337885657022,
    "transformer.h.8.attn.attn_dropout": 1.1372011761332667e-05,
    "transformer.h.8.attn.resid_dropout": 1.0102294212163881e-05,
    "transformer.h.8.ln_2": 0.00037172228790992914,
    "transformer.h.8.mlp.c_fc": 0.07965056286301724,
    "transformer.h.8.mlp.c_proj": 0.0790885049243306,
    "transformer.h.8.mlp.act": 1.17823135021121e-05,
    "transformer.h.8.mlp.dropout": 9.941500286723292e-06,
    "transformer.h.9.ln_1": 0.00041315721911053325,
    "transformer.h.9.attn.c_attn": 0.059068718621897144,
    "transformer.h.9.attn.c_proj": 0.03689775910488395,
    "transformer.h.9.attn.attn_dropout": 1.1438547178756359e-05,
    "transformer.h.9.attn.resid_dropout": 1.0057937267214753e-05,
    "transformer.h.9.ln_2": 0.0003855394762615825,
    "transformer.h.9.mlp.c_fc": 0.07961343610009482,
    "transformer.h.9.mlp.c_proj": 0.07912865350412768,
    "transformer.h.9.mlp.act": 1.1693599612213844e-05,
    "transformer.h.9.mlp.dropout": 9.974767995435138e-06,
    "transformer.h.10.ln_1": 0.00037269814069880995,
    "transformer.h.10.attn.c_attn": 0.059086139812025915,
    "transformer.h.10.attn.c_proj": 0.03689625096875568,
    "transformer.h.10.attn.attn_dropout": 1.1372011761332667e-05,
    "transformer.h.10.attn.resid_dropout": 1.020764195641806e-05,
    "transformer.h.10.ln_2": 0.00037701739821323127,
    "transformer.h.10.mlp.c_fc": 0.07965325200280478,
    "transformer.h.10.mlp.c_proj": 0.07909443766571754,
    "transformer.h.10.mlp.act": 1.1682510375976562e-05,
    "transformer.h.10.mlp.dropout": 9.941500286723292e-06,
    "transformer.h.11.ln_1": 0.00037593065306197767,
    "transformer.h.11.attn.c_attn": 0.05910280138947243,
    "transformer.h.11.attn.c_proj": 0.036902089451634604,
    "transformer.h.11.attn.attn_dropout": 1.1266664017078488e-05,
    "transformer.h.11.attn.resid_dropout": 1.0002491086028344e-05,
    "transformer.h.11.ln_2": 0.0003891379334205805,
    "transformer.h.11.mlp.c_fc": 0.07959854325582814,
    "transformer.h.11.mlp.c_proj": 0.07917442432669707,
    "transformer.h.11.mlp.act": 1.1682510375976562e-05,
    "transformer.h.11.mlp.dropout": 9.991401849791061e-06,
    "transformer.ln_f": 0.00039000843846520713,
    "lm_head": 1.2931208111519037
}