{
  "algorithm_times": {
    "H_10": {
      "sgd": 1.281685961048038,
      "pipe_sgd": 0.7943021828973473,
      "localsgd": 0.18385400076359507,
      "pipe_seq_localsgd": 0.1572200296713025,
      "dream_ddp": 0.14530191919130145
    }
  },
  "speedups": {
    "H_10": {
      "over_pipe_sgd": 5.466563603000906,
      "over_localsgd": 1.2653239667229499
    }
  }
}