{
    "model.embed_tokens": 4.52685665774655e-05,
    "model.layers.0.self_attn.q_proj": 0.0005968112450141412,
    "model.layers.0.self_attn.k_proj": 0.00017090586872843953,
    "model.layers.0.self_attn.v_proj": 0.0018330487337979403,
    "model.layers.0.self_attn.o_proj": 0.0005830294126039976,
    "model.layers.0.self_attn.rotary_emb": NaN,
    "model.layers.0.mlp.gate_proj": 0.002437990981263,
    "model.layers.0.mlp.up_proj": 0.0027381290089000354,
    "model.layers.0.mlp.down_proj": 0.0024980012472573814,
    "model.layers.0.mlp.act_fn": 0.0001998721779166878,
    "model.layers.0.input_layernorm": 0.00029925866560502487,
    "model.layers.0.post_attention_layernorm": 0.00030532130947360744,
    "model.layers.1.self_attn.q_proj": 0.0005953776371943486,
    "model.layers.1.self_attn.k_proj": 0.00016958992202560622,
    "model.layers.1.self_attn.v_proj": 0.0018308348469919973,
    "model.layers.1.self_attn.o_proj": 0.0005813047483369902,
    "model.layers.1.self_attn.rotary_emb": NaN,
    "model.layers.1.mlp.gate_proj": 0.002432742676177582,
    "model.layers.1.mlp.up_proj": 0.002734682776711204,
    "model.layers.1.mlp.down_proj": 0.002497381978220754,
    "model.layers.1.mlp.act_fn": 0.0001980298525327212,
    "model.layers.1.input_layernorm": 0.00029724294489080256,
    "model.layers.1.post_attention_layernorm": 0.0003014446853043197,
    "model.layers.2.self_attn.q_proj": 0.0005954116969913632,
    "model.layers.2.self_attn.k_proj": 0.00016878487227799056,
    "model.layers.2.self_attn.v_proj": 0.0018269210666805118,
    "model.layers.2.self_attn.o_proj": 0.0005823915654962713,
    "model.layers.2.self_attn.rotary_emb": NaN,
    "model.layers.2.mlp.gate_proj": 0.0024374553135463168,
    "model.layers.2.mlp.up_proj": 0.002738361234788771,
    "model.layers.2.mlp.down_proj": 0.002498518336902965,
    "model.layers.2.mlp.act_fn": 0.0001997049752767984,
    "model.layers.2.input_layernorm": 0.0002969704665146865,
    "model.layers.2.post_attention_layernorm": 0.0003014787451013342,
    "model.layers.3.self_attn.q_proj": 0.0005960216769924411,
    "model.layers.3.self_attn.k_proj": 0.000168772486897258,
    "model.layers.3.self_attn.v_proj": 0.0018303022756204976,
    "model.layers.3.self_attn.o_proj": 0.0005814131204184,
    "model.layers.3.self_attn.rotary_emb": NaN,
    "model.layers.3.mlp.gate_proj": 0.0024347769749629034,
    "model.layers.3.mlp.up_proj": 0.0027368440256490337,
    "model.layers.3.mlp.down_proj": 0.002495452955171659,
    "model.layers.3.mlp.act_fn": 0.00019815060999486353,
    "model.layers.3.input_layernorm": 0.000297162439916041,
    "model.layers.3.post_attention_layernorm": 0.00030188126997514206,
    "model.layers.4.self_attn.q_proj": 0.0005950803880567675,
    "model.layers.4.self_attn.k_proj": 0.00016862695867365056,
    "model.layers.4.self_attn.v_proj": 0.0018346154844606079,
    "model.layers.4.self_attn.o_proj": 0.0005816917914848823,
    "model.layers.4.self_attn.rotary_emb": NaN,
    "model.layers.4.mlp.gate_proj": 0.0024353002572988533,
    "model.layers.4.mlp.up_proj": 0.0027346580059497386,
    "model.layers.4.mlp.down_proj": 0.002497403652637036,
    "model.layers.4.mlp.act_fn": 0.00019826827111182275,
    "model.layers.4.input_layernorm": 0.00029889948956378094,
    "model.layers.4.post_attention_layernorm": 0.0003014601670302354,
    "model.layers.5.self_attn.q_proj": 0.0005957832584133396,
    "model.layers.5.self_attn.k_proj": 0.00016959301837078937,
    "model.layers.5.self_attn.v_proj": 0.0018279738240427786,
    "model.layers.5.self_attn.o_proj": 0.0005815122034642604,
    "model.layers.5.self_attn.rotary_emb": NaN,
    "model.layers.5.mlp.gate_proj": 0.0024326064369895243,
    "model.layers.5.mlp.up_proj": 0.002734193554172268,
    "model.layers.5.mlp.down_proj": 0.002493774736082399,
    "model.layers.5.mlp.act_fn": 0.00019836116146731687,
    "model.layers.5.input_layernorm": 0.00029785292489188056,
    "model.layers.5.post_attention_layernorm": 0.0003015933098731103,
    "model.layers.6.self_attn.q_proj": 0.0005945540093756341,
    "model.layers.6.self_attn.k_proj": 0.00016949393532492897,
    "model.layers.6.self_attn.v_proj": 0.0018242953659652116,
    "model.layers.6.self_attn.o_proj": 0.0005805492401123047,
    "model.layers.6.self_attn.rotary_emb": NaN,
    "model.layers.6.mlp.gate_proj": 0.0024307703042959236,
    "model.layers.6.mlp.up_proj": 0.002734280251837396,
    "model.layers.6.mlp.down_proj": 0.002496329220858487,
    "model.layers.6.mlp.act_fn": 0.0001979648292838753,
    "model.layers.6.input_layernorm": 0.0002980294165673194,
    "model.layers.6.post_attention_layernorm": 0.0003014106255073052,
    "model.layers.7.self_attn.q_proj": 0.0005955912850119851,
    "model.layers.7.self_attn.k_proj": 0.00016954966953822544,
    "model.layers.7.self_attn.v_proj": 0.0018284413721654322,
    "model.layers.7.self_attn.o_proj": 0.0005823575056992568,
    "model.layers.7.self_attn.rotary_emb": NaN,
    "model.layers.7.mlp.gate_proj": 0.0024333093073460963,
    "model.layers.7.mlp.up_proj": 0.0027349955075747006,
    "model.layers.7.mlp.down_proj": 0.0024962053670511616,
    "model.layers.7.mlp.act_fn": 0.00019797721466460784,
    "model.layers.7.input_layernorm": 0.0002977693235719359,
    "model.layers.7.post_attention_layernorm": 0.00030287519677892906,
    "model.layers.8.self_attn.q_proj": 0.0005975017299899807,
    "model.layers.8.self_attn.k_proj": 0.0001692307459843623,
    "model.layers.8.self_attn.v_proj": 0.0018304818636411197,
    "model.layers.8.self_attn.o_proj": 0.0005816577316878678,
    "model.layers.8.self_attn.rotary_emb": NaN,
    "model.layers.8.mlp.gate_proj": 0.002433978117905654,
    "model.layers.8.mlp.up_proj": 0.0027358965440229936,
    "model.layers.8.mlp.down_proj": 0.0024944776064389712,
    "model.layers.8.mlp.act_fn": 0.00019791219141576197,
    "model.layers.8.input_layernorm": 0.0002978807919985288,
    "model.layers.8.post_attention_layernorm": 0.000301676911193055,
    "model.layers.9.self_attn.q_proj": 0.0005949472452138926,
    "model.layers.9.self_attn.k_proj": 0.00016932982903022272,
    "model.layers.9.self_attn.v_proj": 0.0018280233655657088,
    "model.layers.9.self_attn.o_proj": 0.0005811313530067344,
    "model.layers.9.self_attn.rotary_emb": NaN,
    "model.layers.9.mlp.gate_proj": 0.0024360526691783557,
    "model.layers.9.mlp.up_proj": 0.0027369554940756264,
    "model.layers.9.mlp.down_proj": 0.002497267413448978,
    "model.layers.9.mlp.act_fn": 0.0001980298525327212,
    "model.layers.9.input_layernorm": 0.0002978219614400492,
    "model.layers.9.post_attention_layernorm": 0.0003020267981987495,
    "model.layers.10.self_attn.q_proj": 0.0005949069927265118,
    "model.layers.10.self_attn.k_proj": 0.00016906663968965606,
    "model.layers.10.self_attn.v_proj": 0.001828887245871804,
    "model.layers.10.self_attn.o_proj": 0.0005814843363576121,
    "model.layers.10.self_attn.rotary_emb": NaN,
    "model.layers.10.mlp.gate_proj": 0.002432011938714362,
    "model.layers.10.mlp.up_proj": 0.0027340820857456754,
    "model.layers.10.mlp.down_proj": 0.0024928365434919086,
    "model.layers.10.mlp.act_fn": 0.00019820944055334315,
    "model.layers.10.input_layernorm": 0.0002971964997130555,
    "model.layers.10.post_attention_layernorm": 0.0003021692300771738,
    "model.layers.11.self_attn.q_proj": 0.0005940183416589514,
    "model.layers.11.self_attn.k_proj": 0.000168862280907569,
    "model.layers.11.self_attn.v_proj": 0.0018283175183581067,
    "model.layers.11.self_attn.o_proj": 0.0005824875521969486,
    "model.layers.11.self_attn.rotary_emb": NaN,
    "model.layers.11.mlp.gate_proj": 0.0024303089488636365,
    "model.layers.11.mlp.up_proj": 0.002731818657416802,
    "model.layers.11.mlp.down_proj": 0.0024945735931396484,
    "model.layers.11.mlp.act_fn": 0.00019820634420816,
    "model.layers.11.input_layernorm": 0.00031599750766506444,
    "model.layers.11.post_attention_layernorm": 0.0003052810569862267,