{
    "model.embed_tokens": 4.997061586928094e-05,
    "model.layers.0.self_attn.q_proj": 0.0001648815198876392,
    "model.layers.0.self_attn.k_proj": 0.0001492349580786694,
    "model.layers.0.self_attn.v_proj": 0.0008025662652377425,
    "model.layers.0.self_attn.o_proj": 0.00017362216423297752,
    "model.layers.0.self_attn.rotary_emb": NaN,
    "model.layers.0.mlp.gate_proj": 0.0012276665917758283,
    "model.layers.0.mlp.up_proj": 0.0015949915195333547,
    "model.layers.0.mlp.down_proj": 0.0012015131698257622,
    "model.layers.0.mlp.act_fn": 0.00024380492067885124,
    "model.layers.0.input_layernorm": 0.0003055649242181888,
    "model.layers.0.post_attention_layernorm": 0.00030812586861095207,
    "model.layers.1.self_attn.q_proj": 0.00016259461983867074,
    "model.layers.1.self_attn.k_proj": 0.00014681103585780352,
    "model.layers.1.self_attn.v_proj": 0.0007983939401034651,
    "model.layers.1.self_attn.o_proj": 0.0001721395843330471,
    "model.layers.1.self_attn.rotary_emb": NaN,
    "model.layers.1.mlp.gate_proj": 0.0012307372586480502,
    "model.layers.1.mlp.up_proj": 0.0016037472363176018,
    "model.layers.1.mlp.down_proj": 0.0012078340026153915,
    "model.layers.1.mlp.act_fn": 0.00024305266895513424,
    "model.layers.1.input_layernorm": 0.0002965748995199971,
    "model.layers.1.post_attention_layernorm": 0.0002993523389443584,
    "model.layers.2.self_attn.q_proj": 0.00016324547515518363,
    "model.layers.2.self_attn.k_proj": 0.00014665209013840248,
    "model.layers.2.self_attn.v_proj": 0.0008092707601086847,
    "model.layers.2.self_attn.o_proj": 0.00017485262333661662,
    "model.layers.2.self_attn.rotary_emb": NaN,
    "model.layers.2.mlp.gate_proj": 0.0012435748659331224,
    "model.layers.2.mlp.up_proj": 0.0016145240301373362,
    "model.layers.2.mlp.down_proj": 0.0012204688170860554,
    "model.layers.2.mlp.act_fn": 0.000242797807715405,
    "model.layers.2.input_layernorm": 0.0002936919530232747,
    "model.layers.2.post_attention_layernorm": 0.00030153099147752784,
    "model.layers.3.self_attn.q_proj": 0.00016447456403710376,
    "model.layers.3.self_attn.k_proj": 0.00014845804236401087,
    "model.layers.3.self_attn.v_proj": 0.0008128703325644307,
    "model.layers.3.self_attn.o_proj": 0.00017328097902495284,
    "model.layers.3.self_attn.rotary_emb": NaN,
    "model.layers.3.mlp.gate_proj": 0.0012524634942241099,
    "model.layers.3.mlp.up_proj": 0.0016298595516160987,
    "model.layers.3.mlp.down_proj": 0.0012315826854486574,
    "model.layers.3.mlp.act_fn": 0.00024272381574258036,
    "model.layers.3.input_layernorm": 0.00029461685268358253,
    "model.layers.3.post_attention_layernorm": 0.000297062698451952,
    "model.layers.4.self_attn.q_proj": 0.00016463899064338071,
    "model.layers.4.self_attn.k_proj": 0.00014788254924204158,
    "model.layers.4.self_attn.v_proj": 0.000818974670322462,
    "model.layers.4.self_attn.o_proj": 0.0001743154964227786,
    "model.layers.4.self_attn.rotary_emb": NaN,
    "model.layers.4.mlp.gate_proj": 0.0012611918065739774,
    "model.layers.4.mlp.up_proj": 0.001631881998873305,
    "model.layers.4.mlp.down_proj": 0.0012405096799477764,
    "model.layers.4.mlp.act_fn": 0.00024364049407257432,
    "model.layers.4.input_layernorm": 0.00029265606540373004,
    "model.layers.4.post_attention_layernorm": 0.0003021818467940407,
    "model.layers.5.self_attn.q_proj": 0.00016612294076503008,
    "model.layers.5.self_attn.k_proj": 0.00014945282333198636,
    "model.layers.5.self_attn.v_proj": 0.0008251242253972197,
    "model.layers.5.self_attn.o_proj": 0.00017483618067598892,
    "model.layers.5.self_attn.rotary_emb": NaN,
    "model.layers.5.mlp.gate_proj": 0.0012803063995536716,
    "model.layers.5.mlp.up_proj": 0.0016518858657486137,
    "model.layers.5.mlp.down_proj": 0.001273836212596674,
    "model.layers.5.mlp.act_fn": 0.0002439200193032451,
    "model.layers.5.input_layernorm": 0.00029292873952580596,
    "model.layers.5.post_attention_layernorm": 0.0003030149415991772,
    "model.layers.6.self_attn.q_proj": 0.0001659886590365706,
    "model.layers.6.self_attn.k_proj": 0.00014918837054022429,
    "model.layers.6.self_attn.v_proj": 0.0008301159431194437,
    "model.layers.6.self_attn.o_proj": 0.00017575285900598285,
    "model.layers.6.self_attn.rotary_emb": NaN,
    "model.layers.6.mlp.gate_proj": 0.0012709546363216706,
    "model.layers.6.mlp.up_proj": 0.0016308050046021912,
    "model.layers.6.mlp.down_proj": 0.0012342669497961286,
    "model.layers.6.mlp.act_fn": 0.00024327327465188914,
    "model.layers.6.input_layernorm": 0.00029533073819916825,
    "model.layers.6.post_attention_layernorm": 0.00030184340202945404,
    "model.layers.7.self_attn.q_proj": 0.0001653103992856782,
    "model.layers.7.self_attn.k_proj": 0.00014761672622856051,
    "model.layers.7.self_attn.v_proj": 0.0008257038291843459,
    "model.layers.7.self_attn.o_proj": 0.00017613515086557674,
    "model.layers.7.self_attn.rotary_emb": NaN,
    "model.layers.7.mlp.gate_proj": 0.0012414565031555877,
    "model.layers.7.mlp.up_proj": 0.0015985677982198782,
    "model.layers.7.mlp.down_proj": 0.0011982849274558582,
    "model.layers.7.mlp.act_fn": 0.00024817866840581783,
    "model.layers.7.input_layernorm": 0.00030145151861782734,
    "model.layers.7.post_attention_layernorm": 0.0003165499917392073,
    "model.norm": 0.000367338629974716,
    "lm_head": 0.005209635043966359
}