{
    "model.embed_tokens": 4.317705658660538e-05,
    "model.layers.0.self_attn.q_proj": 0.00015187674555285224,
    "model.layers.0.self_attn.k_proj": 0.0001376880996528713,
    "model.layers.0.self_attn.v_proj": 0.0007708675559909865,
    "model.layers.0.self_attn.o_proj": 0.00015870456037850216,
    "model.layers.0.self_attn.rotary_emb": NaN,
    "model.layers.0.mlp.gate_proj": 0.0011911762171778187,
    "model.layers.0.mlp.up_proj": 0.0015675898255973026,
    "model.layers.0.mlp.down_proj": 0.0011636128370789275,
    "model.layers.0.mlp.act_fn": 0.00023683049212927106,
    "model.layers.0.input_layernorm": 0.00025615198858853046,
    "model.layers.0.post_attention_layernorm": 0.00025490508682426364,
    "model.layers.1.self_attn.q_proj": 0.00015019822394710848,
    "model.layers.1.self_attn.k_proj": 0.00013610549356745578,
    "model.layers.1.self_attn.v_proj": 0.0007727242064201969,
    "model.layers.1.self_attn.o_proj": 0.00015828527253249595,
    "model.layers.1.self_attn.rotary_emb": NaN,
    "model.layers.1.mlp.gate_proj": 0.001195774681266697,
    "model.layers.1.mlp.up_proj": 0.0015721595150300827,
    "model.layers.1.mlp.down_proj": 0.0011694403900497261,
    "model.layers.1.mlp.act_fn": 0.0002362317052380792,
    "model.layers.1.input_layernorm": 0.0002495077834732231,
    "model.layers.1.post_attention_layernorm": 0.0002533512553949466,
    "model.layers.2.self_attn.q_proj": 0.00015158762877014862,
    "model.layers.2.self_attn.k_proj": 0.00013658507116909684,
    "model.layers.2.self_attn.v_proj": 0.0007780242240291903,
    "model.layers.2.self_attn.o_proj": 0.00015968974979444482,
    "model.layers.2.self_attn.rotary_emb": NaN,
    "model.layers.2.mlp.gate_proj": 0.0012048798045892824,
    "model.layers.2.mlp.up_proj": 0.001581323557886584,
    "model.layers.2.mlp.down_proj": 0.0011772561347347566,
    "model.layers.2.mlp.act_fn": 0.00023629336521543306,
    "model.layers.2.input_layernorm": 0.00024933787598007025,
    "model.layers.2.post_attention_layernorm": 0.00025421586529961946,
    "model.layers.3.self_attn.q_proj": 0.00015182330690581222,
    "model.layers.3.self_attn.k_proj": 0.00013761821834520362,
    "model.layers.3.self_attn.v_proj": 0.000783628430859796,
    "model.layers.3.self_attn.o_proj": 0.0001601748082829618,
    "model.layers.3.self_attn.rotary_emb": NaN,
    "model.layers.3.mlp.gate_proj": 0.0012147988396129389,
    "model.layers.3.mlp.up_proj": 0.0015974798421750124,
    "model.layers.3.mlp.down_proj": 0.0011895141382327024,
    "model.layers.3.mlp.act_fn": 0.0002365920735501695,
    "model.layers.3.input_layernorm": 0.00024932828442803743,
    "model.layers.3.post_attention_layernorm": 0.0002531183177027209,
    "model.layers.4.self_attn.q_proj": 0.00015257281818609127,
    "model.layers.4.self_attn.k_proj": 0.00013831977186531857,
    "model.layers.4.self_attn.v_proj": 0.0007878254199850148,
    "model.layers.4.self_attn.o_proj": 0.00016377438073870778,
    "model.layers.4.self_attn.rotary_emb": NaN,
    "model.layers.4.mlp.gate_proj": 0.0012255742632109544,
    "model.layers.4.mlp.up_proj": 0.001601632984205224,
    "model.layers.4.mlp.down_proj": 0.0011976395530262213,
    "model.layers.4.mlp.act_fn": 0.00023794174194335938,
    "model.layers.4.input_layernorm": 0.00024916659826519844,
    "model.layers.4.post_attention_layernorm": 0.0002612574347134294,
    "model.layers.5.self_attn.q_proj": 0.00015368406800017958,
    "model.layers.5.self_attn.k_proj": 0.00013841294694220884,
    "model.layers.5.self_attn.v_proj": 0.0007942490194035673,
    "model.layers.5.self_attn.o_proj": 0.00016158476643178654,
    "model.layers.5.self_attn.rotary_emb": NaN,
    "model.layers.5.mlp.gate_proj": 0.0012341025231898516,
    "model.layers.5.mlp.up_proj": 0.0016056271805160347,
    "model.layers.5.mlp.down_proj": 0.0012107443535464934,
    "model.layers.5.mlp.act_fn": 0.00023807328322838093,
    "model.layers.5.input_layernorm": 0.0002498243046903062,
    "model.layers.5.post_attention_layernorm": 0.00025619446546181867,
    "model.layers.6.self_attn.q_proj": 0.00015349360718124215,
    "model.layers.6.self_attn.k_proj": 0.0001400435107877885,
    "model.layers.6.self_attn.v_proj": 0.0007950341564485397,
    "model.layers.6.self_attn.o_proj": 0.00016058176413349723,
    "model.layers.6.self_attn.rotary_emb": NaN,
    "model.layers.6.mlp.gate_proj": 0.0012083587975337587,
    "model.layers.6.mlp.up_proj": 0.00157332557371293,
    "model.layers.6.mlp.down_proj": 0.001169278703886887,
    "model.layers.6.mlp.act_fn": 0.0002376348122783091,
    "model.layers.6.input_layernorm": 0.0002542076439693056,
    "model.layers.6.post_attention_layernorm": 0.00025951999357376975,
    "model.layers.7.self_attn.q_proj": 0.0001503955358746408,
    "model.layers.7.self_attn.k_proj": 0.00013486955357694077,
    "model.layers.7.self_attn.v_proj": 0.0007788696508297975,
    "model.layers.7.self_attn.o_proj": 0.0001606201303416285,
    "model.layers.7.self_attn.rotary_emb": NaN,
    "model.layers.7.mlp.gate_proj": 0.0011709901108138863,
    "model.layers.7.mlp.up_proj": 0.0015383671069967336,
    "model.layers.7.mlp.down_proj": 0.0011420318450050793,
    "model.layers.7.mlp.act_fn": 0.0002425443166973947,
    "model.layers.7.input_layernorm": 0.0002585073997234476,
    "model.layers.7.post_attention_layernorm": 0.0002678851971681091,
    "model.norm": 0.0003168514405173817,
    "lm_head": 0.01243445654025023
}