{
    "model.embed_tokens": 0.5968878819392278,
    "model.layers.0.self_attn.q_proj": 0.03961663062755878,
    "model.layers.0.self_attn.k_proj": 0.02070310482612023,
    "model.layers.0.self_attn.v_proj": 0.022114882102379434,
    "model.layers.0.self_attn.o_proj": 0.022367885479560264,
    "model.layers.0.self_attn.rotary_emb": 1.2328991523155799e-05,
    "model.layers.0.mlp.gate_proj": 0.19832636759831354,
    "model.layers.0.mlp.up_proj": 0.20418199667563805,
    "model.layers.0.mlp.down_proj": 0.20247064645473772,
    "model.layers.0.mlp.act_fn": 1.3842032505915715e-05,
    "model.layers.0.input_layernorm": 0.008497384878305288,
    "model.layers.0.post_attention_layernorm": 0.00018782340563260592,
    "model.layers.1.self_attn.q_proj": 0.022438145600832425,
    "model.layers.1.self_attn.k_proj": 0.022908059450296257,
    "model.layers.1.self_attn.v_proj": 0.022600458218501165,
    "model.layers.1.self_attn.o_proj": 0.021616367193368766,
    "model.layers.1.self_attn.rotary_emb": 1.1879664201002855e-05,
    "model.layers.1.mlp.gate_proj": 0.1973420840043288,
    "model.layers.1.mlp.up_proj": 0.20297078902904803,
    "model.layers.1.mlp.down_proj": 0.20370032695623544,
    "model.layers.1.mlp.act_fn": 1.2773733872633715e-05,
    "model.layers.1.input_layernorm": 0.006889347846691425,
    "model.layers.1.post_attention_layernorm": 0.00018913012284498947,
    "model.layers.2.self_attn.q_proj": 0.022637092150174655,
    "model.layers.2.self_attn.k_proj": 0.02251928586226243,
    "model.layers.2.self_attn.v_proj": 0.022506571733034574,
    "model.layers.2.self_attn.o_proj": 0.022026327940133903,
    "model.layers.2.self_attn.rotary_emb": 1.1732945075401893e-05,
    "model.layers.2.mlp.gate_proj": 0.1971021707241352,
    "model.layers.2.mlp.up_proj": 0.20433243879905114,
    "model.layers.2.mlp.down_proj": 0.2053387210919307,
    "model.layers.2.mlp.act_fn": 1.2952547806959887e-05,
    "model.layers.2.input_layernorm": 0.007160700284517729,
    "model.layers.2.post_attention_layernorm": 0.0001880939190204327,
    "model.layers.3.self_attn.q_proj": 0.02300109313084529,
    "model.layers.3.self_attn.k_proj": 0.022760029022510234,
    "model.layers.3.self_attn.v_proj": 0.02317490944495568,
    "model.layers.3.self_attn.o_proj": 0.022055795559516318,
    "model.layers.3.self_attn.rotary_emb": 1.2196027315579928e-05,
    "model.layers.3.mlp.gate_proj": 0.19894514634059027,
    "model.layers.3.mlp.up_proj": 0.207456675859598,
    "model.layers.3.mlp.down_proj": 0.20484099021324745,
    "model.layers.3.mlp.act_fn": 1.2915868025559645e-05,
    "model.layers.3.input_layernorm": 0.008083737813509427,
    "model.layers.3.post_attention_layernorm": 0.00018867162557748647,
    "model.layers.4.self_attn.q_proj": 0.023236980805030234,
    "model.layers.4.self_attn.k_proj": 0.02321255665559035,
    "model.layers.4.self_attn.v_proj": 0.022757255114041842,
    "model.layers.4.self_attn.o_proj": 0.022012912310086764,
    "model.layers.4.self_attn.rotary_emb": 1.1870494255652795e-05,
    "model.layers.4.mlp.gate_proj": 0.2005090071604802,
    "model.layers.4.mlp.up_proj": 0.2078177287028386,
    "model.layers.4.mlp.down_proj": 0.20941572005932146,
    "model.layers.4.mlp.act_fn": 1.2801243708683894e-05,
    "model.layers.4.input_layernorm": 0.00759355379984929,
    "model.layers.4.post_attention_layernorm": 0.00018681012667142428,
    "model.layers.5.self_attn.q_proj": 0.022465316148904655,
    "model.layers.5.self_attn.k_proj": 0.02288315387872549,
    "model.layers.5.self_attn.v_proj": 0.022738025738642767,
    "model.layers.5.self_attn.o_proj": 0.021650039232694186,
    "model.layers.5.self_attn.rotary_emb": 1.1774209829477164e-05,
    "model.layers.5.mlp.gate_proj": 0.20057838696699876,
    "model.layers.5.mlp.up_proj": 0.2061653183056758,
    "model.layers.5.mlp.down_proj": 0.20384158079440778,
    "model.layers.5.mlp.act_fn": 1.3021322397085336e-05,
    "model.layers.5.input_layernorm": 0.00828013511804434,
    "model.layers.5.post_attention_layernorm": 0.0001881076739384578,
    "model.layers.6.self_attn.q_proj": 0.023658587382389948,
    "model.layers.6.self_attn.k_proj": 0.022844818922189567,
    "model.layers.6.self_attn.v_proj": 0.022958792172945462,
    "model.layers.6.self_attn.o_proj": 0.022040651394770697,
    "model.layers.6.self_attn.rotary_emb": 1.1719190157376803e-05,
    "model.layers.6.mlp.gate_proj": 0.20033353567123413,
    "model.layers.6.mlp.up_proj": 0.2086700017635639,
    "model.layers.6.mlp.down_proj": 0.20785847077002892,
    "model.layers.6.mlp.act_fn": 1.3805352724515475e-05,
    "model.layers.6.input_layernorm": 0.007092324587015005,
    "model.layers.6.post_attention_layernorm": 0.00018920348240778997,
    "model.layers.7.self_attn.q_proj": 0.02308126137806819,
    "model.layers.7.self_attn.k_proj": 0.02268857680834257,
    "model.layers.7.self_attn.v_proj": 0.022431653279524583,
    "model.layers.7.self_attn.o_proj": 0.02203578673876249,
    "model.layers.7.self_attn.rotary_emb": 1.1613735785851111e-05,
    "model.layers.7.mlp.gate_proj": 0.19904656593616193,
    "model.layers.7.mlp.up_proj": 0.20778402915367714,
    "model.layers.7.mlp.down_proj": 0.20558191262758696,
    "model.layers.7.mlp.act_fn": 1.3062587151160607e-05,
    "model.layers.7.input_layernorm": 0.007618959133441632,
    "model.layers.7.post_attention_layernorm": 0.00019037265043992264,
    "model.norm": 0.0001928393657390888,
    "lm_head": 0.5685168550564692
}