{
    "conv1": 0.005976011355717977,
    "bn1": 0.0001636048158009847,
    "layer1.0.conv1": 0.0001354217529296875,
    "layer1.0.bn1": 0.00011461973190307617,
    "layer1.0.conv2": 0.00012000401814778645,
    "layer1.0.bn2": 0.00010044376055399577,
    "layer1.0.shortcut": 1.1811653772989908e-05,
    "layer1.1.conv1": 0.00012040138244628906,
    "layer1.1.bn1": 9.811917940775554e-05,
    "layer1.1.conv2": 0.00011768937110900879,
    "layer1.1.bn2": 9.794036547342937e-05,
    "layer1.1.shortcut": 1.109639803568522e-05,
    "layer2.0.conv1": 0.00016414125760396323,
    "layer2.0.bn1": 0.0001018842061360677,
    "layer2.0.conv2": 0.00024344523747762045,
    "layer2.0.bn2": 0.00010538101196289062,
    "layer2.0.shortcut.0": 7.279713948567708e-05,
    "layer2.0.shortcut.1": 9.550650914510091e-05,
    "layer2.1.conv1": 0.0002425511678059896,
    "layer2.1.bn1": 9.47713851928711e-05,
    "layer2.1.conv2": 0.00023820996284484863,
    "layer2.1.bn2": 9.360909461975098e-05,
    "layer2.1.shortcut": 1.1076529820760092e-05,
    "layer3.0.conv1": 0.00041695435841878253,
    "layer3.0.bn1": 0.00014444192250569662,
    "layer3.0.conv2": 0.0007704397042592367,
    "layer3.0.bn2": 0.00010372201601664226,
    "layer3.0.shortcut.0": 0.0001171727975209554,
    "layer3.0.shortcut.1": 9.917219479878743e-05,
    "layer3.1.conv1": 0.0007720589637756348,
    "layer3.1.bn1": 0.00010570883750915527,
    "layer3.1.conv2": 0.0007695655028025309,
    "layer3.1.bn2": 0.00010103980700174968,
    "layer3.1.shortcut": 1.179178555806478e-05,
    "layer4.0.conv1": 0.0014922420183817546,
    "layer4.0.bn1": 0.00010958313941955566,
    "layer4.0.conv2": 0.0029494762420654297,
    "layer4.0.bn2": 0.00011291106541951497,
    "layer4.0.shortcut.0": 0.00021760662396748862,
    "layer4.0.shortcut.1": 9.665886561075847e-05,
    "layer4.1.conv1": 0.0029489099979400635,
    "layer4.1.bn1": 0.00012047092119852702,
    "layer4.1.conv2": 0.0029523372650146484,
    "layer4.1.bn2": 0.00012071927388509114,
    "layer4.1.shortcut": 1.2874603271484375e-05,
    "linear": 0.00011505683263142903
}