{
  "algorithm_times": {
    "H_10": {
      "sgd": 1.6170814558977282,
      "pipe_sgd": 0.9956018519183989,
      "localsgd": 0.21719864793428234,
      "pipe_seq_localsgd": 0.19073348794939693,
      "dream_ddp": 0.1756623633694001
    }
  },
  "speedups": {
    "H_10": {
      "over_pipe_sgd": 5.667701565785889,
      "over_localsgd": 1.2364552301823222
    }
  }
}