{
    "model.embed_tokens": 0.02280211859735949,
    "model.layers.0.self_attn.q_proj": 0.000722804288754518,
    "model.layers.0.self_attn.k_proj": 0.0004327584957254344,
    "model.layers.0.self_attn.v_proj": 0.0004299015834413726,
    "model.layers.0.self_attn.o_proj": 0.00042713647601248203,
    "model.layers.0.self_attn.rotary_emb": 1.1167307009642152e-05,
    "model.layers.0.mlp.gate_proj": 0.007642143074123339,
    "model.layers.0.mlp.up_proj": 0.007630779825407883,
    "model.layers.0.mlp.down_proj": 0.007613980907133256,
    "model.layers.0.mlp.act_fn": 1.1470126009535516e-05,
    "model.layers.0.input_layernorm": 0.0002391653499384036,
    "model.layers.0.post_attention_layernorm": 6.437438657914085e-05,
    "model.layers.1.self_attn.q_proj": 0.00042671718816647585,
    "model.layers.1.self_attn.k_proj": 0.00042493178926665206,
    "model.layers.1.self_attn.v_proj": 0.00042476051155178026,
    "model.layers.1.self_attn.o_proj": 0.0004256251214564532,
    "model.layers.1.self_attn.rotary_emb": 1.0554817901260551e-05,
    "model.layers.1.mlp.gate_proj": 0.007641748450268274,
    "model.layers.1.mlp.up_proj": 0.007630541406828782,
    "model.layers.1.mlp.down_proj": 0.007611820067482433,
    "model.layers.1.mlp.act_fn": 1.097821641242367e-05,
    "model.layers.1.input_layernorm": 0.0002337283101575128,
    "model.layers.1.post_attention_layernorm": 6.472105267404139e-05,
    "model.layers.2.self_attn.q_proj": 0.0004227531367334826,
    "model.layers.2.self_attn.k_proj": 0.00042430285749764276,
    "model.layers.2.self_attn.v_proj": 0.0004241233584524571,
    "model.layers.2.self_attn.o_proj": 0.00042462211915816385,
    "model.layers.2.self_attn.rotary_emb": 1.046301304608926e-05,
    "model.layers.2.mlp.gate_proj": 0.007642539068200122,
    "model.layers.2.mlp.up_proj": 0.007627821516716617,
    "model.layers.2.mlp.down_proj": 0.007619143902570352,
    "model.layers.2.mlp.act_fn": 1.0976846190704696e-05,
    "model.layers.2.input_layernorm": 0.00022569332999744634,
    "model.layers.2.post_attention_layernorm": 6.447578298634496e-05,
    "model.layers.3.self_attn.q_proj": 0.00042039224471168956,
    "model.layers.3.self_attn.k_proj": 0.00042368077683722834,
    "model.layers.3.self_attn.v_proj": 0.00042512225008558955,
    "model.layers.3.self_attn.o_proj": 0.0004257141858681865,
    "model.layers.3.self_attn.rotary_emb": 1.0489047258749776e-05,
    "model.layers.3.mlp.gate_proj": 0.00764188684266189,
    "model.layers.3.mlp.up_proj": 0.007623550535618574,
    "model.layers.3.mlp.down_proj": 0.007608593195334248,
    "model.layers.3.mlp.act_fn": 1.0949441756325206e-05,
    "model.layers.3.input_layernorm": 0.00023958600800612877,
    "model.layers.3.post_attention_layernorm": 7.000462762240706e-05,
    "model.layers.4.self_attn.q_proj": 0.0004220611747654005,
    "model.layers.4.self_attn.k_proj": 0.00042329437431247756,
    "model.layers.4.self_attn.v_proj": 0.00042559086591347883,
    "model.layers.4.self_attn.o_proj": 0.000430737418689947,
    "model.layers.4.self_attn.rotary_emb": 1.0416425507644127e-05,
    "model.layers.4.mlp.gate_proj": 0.007642273245186642,
    "model.layers.4.mlp.up_proj": 0.007626819884640047,
    "model.layers.4.mlp.down_proj": 0.0076155374790060106,
    "model.layers.4.mlp.act_fn": 1.0961773751795976e-05,
    "model.layers.4.input_layernorm": 0.00022938333708664467,
    "model.layers.4.post_attention_layernorm": 6.385781299108746e-05,
    "model.layers.5.self_attn.q_proj": 0.000423323148968576,
    "model.layers.5.self_attn.k_proj": 0.00042403566426244276,
    "model.layers.5.self_attn.v_proj": 0.00042408910290948275,
    "model.layers.5.self_attn.o_proj": 0.00042420420153387663,
    "model.layers.5.self_attn.rotary_emb": 1.0454791715775413e-05,
    "model.layers.5.mlp.gate_proj": 0.007641759412042026,
    "model.layers.5.mlp.up_proj": 0.007626954166368507,
    "model.layers.5.mlp.down_proj": 0.007611980383423553,
    "model.layers.5.mlp.act_fn": 1.0949441756325206e-05,
    "model.layers.5.input_layernorm": 0.00023274175051985117,
    "model.layers.5.post_attention_layernorm": 6.313570614518791e-05,
    "model.layers.6.self_attn.q_proj": 0.00042103213825445064,
    "model.layers.6.self_attn.k_proj": 0.00042323545477856165,
    "model.layers.6.self_attn.v_proj": 0.00042667882195834454,
    "model.layers.6.self_attn.o_proj": 0.0004242576401809166,
    "model.layers.6.self_attn.rotary_emb": 1.0464383267808234e-05,
    "model.layers.6.mlp.gate_proj": 0.007643938064575195,
    "model.layers.6.mlp.up_proj": 0.007629583621847218,
    "model.layers.6.mlp.down_proj": 0.007615534738562573,
    "model.layers.6.mlp.act_fn": 1.0952182199763155e-05,
    "model.layers.6.input_layernorm": 0.00021421772310103494,
    "model.layers.6.post_attention_layernorm": 6.400031604986081e-05,
    "model.layers.7.self_attn.q_proj": 0.00042245168795530824,
    "model.layers.7.self_attn.k_proj": 0.00042374654747973913,
    "model.layers.7.self_attn.v_proj": 0.00042461115738441207,
    "model.layers.7.self_attn.o_proj": 0.0004248906826150828,
    "model.layers.7.self_attn.rotary_emb": 1.0419165951082076e-05,
    "model.layers.7.mlp.gate_proj": 0.007642784337887819,
    "model.layers.7.mlp.up_proj": 0.00762857924932721,
    "model.layers.7.mlp.down_proj": 0.0076138521062916725,
    "model.layers.7.mlp.act_fn": 1.0885041335533405e-05,
    "model.layers.7.input_layernorm": 0.00022929153223147337,
    "model.layers.7.post_attention_layernorm": 6.275341428559402e-05,
    "model.norm": 6.218066160706268e-05,
    "lm_head": 0.022089122355669396
}