{
  "algorithm_times": {
    "H_10": {
      "sgd": 5.686531374486877,
      "pipe_sgd": 3.440671137188017,
      "localsgd": 0.6277311899709781,
      "pipe_seq_localsgd": 0.6017955262394772,
      "dream_ddp": 0.5744155900594772
    }
  },
  "speedups": {
    "H_10": {
      "over_pipe_sgd": 5.989863779344423,
      "over_localsgd": 1.0928171185360418
    }
  }
}