{
  "algorithm_times": {
    "H_10": {
      "sgd": 5.7312043276805635,
      "pipe_sgd": 3.474254639012991,
      "localsgd": 0.6474251539569539,
      "pipe_seq_localsgd": 0.6216778590117489,
      "dream_ddp": 0.5943214637017534
    }
  },
  "speedups": {
    "H_10": {
      "over_pipe_sgd": 5.845749903383038,
      "over_localsgd": 1.0893517961213148
    }
  }
}