{
    "model.embed_tokens": 4.524888555987988e-05,
    "model.layers.0.self_attn.q_proj": 0.0005962155223671907,
    "model.layers.0.self_attn.k_proj": 0.00017025735643174913,
    "model.layers.0.self_attn.v_proj": 0.001834073097877253,
    "model.layers.0.self_attn.o_proj": 0.0005822103787091823,
    "model.layers.0.self_attn.rotary_emb": NaN,
    "model.layers.0.mlp.gate_proj": 0.00243276162864336,
    "model.layers.0.mlp.up_proj": 0.0027361586202982982,
    "model.layers.0.mlp.down_proj": 0.002494206615522796,
    "model.layers.0.mlp.act_fn": 0.00019969503863964206,
    "model.layers.0.input_layernorm": 0.00029983240015366496,
    "model.layers.0.post_attention_layernorm": 0.0003036860547034569,
    "model.layers.1.self_attn.q_proj": 0.0005954628676370857,
    "model.layers.1.self_attn.k_proj": 0.00016959118687249477,
    "model.layers.1.self_attn.v_proj": 0.0018341751659617705,
    "model.layers.1.self_attn.o_proj": 0.0005813455270006765,
    "model.layers.1.self_attn.rotary_emb": NaN,
    "model.layers.1.mlp.gate_proj": 0.002431446430729885,
    "model.layers.1.mlp.up_proj": 0.0027348792630862567,
    "model.layers.1.mlp.down_proj": 0.002493329297483357,
    "model.layers.1.mlp.act_fn": 0.00019785547568128,
    "model.layers.1.input_layernorm": 0.0002984509748571059,
    "model.layers.1.post_attention_layernorm": 0.00030392603157392516,
    "model.layers.2.self_attn.q_proj": 0.0005943603764951619,
    "model.layers.2.self_attn.k_proj": 0.00016831650453455309,
    "model.layers.2.self_attn.v_proj": 0.0018283120946946487,
    "model.layers.2.self_attn.o_proj": 0.0005808655732597401,
    "model.layers.2.self_attn.rotary_emb": NaN,
    "model.layers.2.mlp.gate_proj": 0.0024325146394617416,
    "model.layers.2.mlp.up_proj": 0.0027357721640393624,
    "model.layers.2.mlp.down_proj": 0.0024942097321055292,
    "model.layers.2.mlp.act_fn": 0.00019786248799243003,
    "model.layers.2.input_layernorm": 0.00029848136153875614,
    "model.layers.2.post_attention_layernorm": 0.00030332608939775453,
    "model.layers.3.self_attn.q_proj": 0.0005942809036354614,
    "model.layers.3.self_attn.k_proj": 0.00016819885353636896,
    "model.layers.3.self_attn.v_proj": 0.0018296062556746738,
    "model.layers.3.self_attn.o_proj": 0.0005801082436555352,
    "model.layers.3.self_attn.rotary_emb": NaN,
    "model.layers.3.mlp.gate_proj": 0.0024318017211614872,
    "model.layers.3.mlp.up_proj": 0.002735623347213845,
    "model.layers.3.mlp.down_proj": 0.0024932295668358894,
    "model.layers.3.mlp.act_fn": 0.00019731786515977647,
    "model.layers.3.input_layernorm": 0.00029717005935369755,
    "model.layers.3.post_attention_layernorm": 0.0003011927885167739,
    "model.layers.4.self_attn.q_proj": 0.0005946213902990802,
    "model.layers.4.self_attn.k_proj": 0.0001683453329248366,
    "model.layers.4.self_attn.v_proj": 0.0018288465886334188,
    "model.layers.4.self_attn.o_proj": 0.0005807190938712725,
    "model.layers.4.self_attn.rotary_emb": NaN,
    "model.layers.4.mlp.gate_proj": 0.0024322886872135737,
    "model.layers.4.mlp.up_proj": 0.0027367001265482184,
    "model.layers.4.mlp.down_proj": 0.0024959713804955574,
    "model.layers.4.mlp.act_fn": 0.00019746901942234413,
    "model.layers.4.input_layernorm": 0.0002968077566109452,
    "model.layers.4.post_attention_layernorm": 0.0003013829000635085,
    "model.layers.5.self_attn.q_proj": 0.0005944421867919124,
    "model.layers.5.self_attn.k_proj": 0.00016829546760110294,
    "model.layers.5.self_attn.v_proj": 0.0018279201844159294,
    "model.layers.5.self_attn.o_proj": 0.0005807954501482396,
    "model.layers.5.self_attn.rotary_emb": NaN,
    "model.layers.5.mlp.gate_proj": 0.002433995016260085,
    "model.layers.5.mlp.up_proj": 0.002735260265325409,
    "model.layers.5.mlp.down_proj": 0.002493607452492309,
    "model.layers.5.mlp.act_fn": 0.00019772535835216247,
    "model.layers.5.input_layernorm": 0.00029723862417383134,
    "model.layers.5.post_attention_layernorm": 0.0003017459819519442,
    "model.layers.6.self_attn.q_proj": 0.0005940767674664267,
    "model.layers.6.self_attn.k_proj": 0.00016813574273601855,
    "model.layers.6.self_attn.v_proj": 0.0018263268314935024,
    "model.layers.6.self_attn.o_proj": 0.0005802251155080359,
    "model.layers.6.self_attn.rotary_emb": NaN,
    "model.layers.6.mlp.gate_proj": 0.0024301109750286425,
    "model.layers.6.mlp.up_proj": 0.002735331946728276,
    "model.layers.6.mlp.down_proj": 0.002492153566647199,
    "model.layers.6.mlp.act_fn": 0.0001974542156543607,
    "model.layers.6.input_layernorm": 0.00029708513247421367,
    "model.layers.6.post_attention_layernorm": 0.00030110474505455663,
    "model.layers.7.self_attn.q_proj": 0.0005941250744987937,
    "model.layers.7.self_attn.k_proj": 0.00016819028293385226,
    "model.layers.7.self_attn.v_proj": 0.0018290709825902203,
    "model.layers.7.self_attn.o_proj": 0.0005816532895455953,
    "model.layers.7.self_attn.rotary_emb": NaN,
    "model.layers.7.mlp.gate_proj": 0.0024302808287876105,
    "model.layers.7.mlp.up_proj": 0.0027340151905234345,
    "model.layers.7.mlp.down_proj": 0.002494077277339362,
    "model.layers.7.mlp.act_fn": 0.00019753368851406123,
    "model.layers.7.input_layernorm": 0.0002971085068447138,
    "model.layers.7.post_attention_layernorm": 0.00030553107168160233,
    "model.layers.8.self_attn.q_proj": 0.0005954714382396025,
    "model.layers.8.self_attn.k_proj": 0.00016833676232231988,
    "model.layers.8.self_attn.v_proj": 0.0018278929143170125,
    "model.layers.8.self_attn.o_proj": 0.0005803030300763698,
    "model.layers.8.self_attn.rotary_emb": NaN,
    "model.layers.8.mlp.gate_proj": 0.0024301483740214428,
    "model.layers.8.mlp.up_proj": 0.002733730802349016,
    "model.layers.8.mlp.down_proj": 0.002491577777987212,
    "model.layers.8.mlp.act_fn": 0.00019749161464716094,
    "model.layers.8.input_layernorm": 0.00029716226789686416,
    "model.layers.8.post_attention_layernorm": 0.0003011826596228905,
    "model.layers.9.self_attn.q_proj": 0.0005937627717560413,
    "model.layers.9.self_attn.k_proj": 0.0001680734110813515,
    "model.layers.9.self_attn.v_proj": 0.001826800552068972,
    "model.layers.9.self_attn.o_proj": 0.0005804269142400206,
    "model.layers.9.self_attn.rotary_emb": NaN,
    "model.layers.9.mlp.gate_proj": 0.002430857396593281,
    "model.layers.9.mlp.up_proj": 0.002733936496809417,
    "model.layers.9.mlp.down_proj": 0.002492410684722701,
    "model.layers.9.mlp.act_fn": 0.0001984312643412671,
    "model.layers.9.input_layernorm": 0.0002974108153698491,
    "model.layers.9.post_attention_layernorm": 0.0003028788597755183,
    "model.layers.10.self_attn.q_proj": 0.0005938850976283254,
    "model.layers.10.self_attn.k_proj": 0.0001680391286712846,
    "model.layers.10.self_attn.v_proj": 0.0018296724830577577,
    "model.layers.10.self_attn.o_proj": 0.0005804409388623207,
    "model.layers.10.self_attn.rotary_emb": NaN,
    "model.layers.10.mlp.gate_proj": 0.002430940765181398,
    "model.layers.10.mlp.up_proj": 0.0027356521756041283,
    "model.layers.10.mlp.down_proj": 0.0024938645705678106,
    "model.layers.10.mlp.act_fn": 0.00019786794201221341,
    "model.layers.10.input_layernorm": 0.00029709136563968035,
    "model.layers.10.post_attention_layernorm": 0.000302682515063317,
    "model.layers.11.self_attn.q_proj": 0.0005940362518908931,
    "model.layers.11.self_attn.k_proj": 0.00016823313594643586,
    "model.layers.11.self_attn.v_proj": 0.0018275913849375607,
    "model.layers.11.self_attn.o_proj": 0.0005801830416411356,
    "model.layers.11.self_attn.rotary_emb": NaN,
    "model.layers.11.mlp.gate_proj": 0.002430795844084297,
    "model.layers.11.mlp.up_proj": 0.0027351691052804584,
    "model.layers.11.mlp.down_proj": 0.0024925602806939017,
    "model.layers.11.mlp.act_fn": 0.00019764588549246197,
    "model.layers.11.input_layernorm": 0.00031470317466586245,
    "model.layers.11.post_attention_layernorm": 0.000301052542293773,