{
    "model.embed_tokens": 0.31432022629203377,
    "model.layers.0.self_attn.q_proj": 0.003283741709950206,
    "model.layers.0.self_attn.k_proj": 0.0006433607457758306,
    "model.layers.0.self_attn.v_proj": 0.0006329698877020197,
    "model.layers.0.self_attn.o_proj": 0.003258597719800341,
    "model.layers.0.self_attn.rotary_emb": 1.1436231843717805e-05,
    "model.layers.0.mlp.gate_proj": 0.01866598705669026,
    "model.layers.0.mlp.up_proj": 0.01862071372650482,
    "model.layers.0.mlp.down_proj": 0.0185786498771919,
    "model.layers.0.mlp.act_fn": 1.1561991094232916e-05,
    "model.layers.0.input_layernorm": 8.866027161315247e-05,
    "model.layers.0.post_attention_layernorm": 8.955106630430117e-05,
    "model.layers.1.self_attn.q_proj": 0.003297331568958995,
    "model.layers.1.self_attn.k_proj": 0.0006373112018291766,
    "model.layers.1.self_attn.v_proj": 0.0006303787231445312,
    "model.layers.1.self_attn.o_proj": 0.003260714667184012,
    "model.layers.1.self_attn.rotary_emb": 1.1302612640045502e-05,
    "model.layers.1.mlp.gate_proj": 0.018669369456532237,
    "model.layers.1.mlp.up_proj": 0.01861090450496464,
    "model.layers.1.mlp.down_proj": 0.018589318453610598,
    "model.layers.1.mlp.act_fn": 1.1014414357615041e-05,
    "model.layers.1.input_layernorm": 8.349104242010431e-05,
    "model.layers.1.post_attention_layernorm": 6.974922431694283e-05,
    "model.layers.2.self_attn.q_proj": 0.003297965605180342,
    "model.layers.2.self_attn.k_proj": 0.0006348326966002747,
    "model.layers.2.self_attn.v_proj": 0.000628791012606778,
    "model.layers.2.self_attn.o_proj": 0.003272695855779962,
    "model.layers.2.self_attn.rotary_emb": 1.0891275091485662e-05,
    "model.layers.2.mlp.gate_proj": 0.018670296931004787,
    "model.layers.2.mlp.up_proj": 0.018623931067330495,
    "model.layers.2.mlp.down_proj": 0.018580339767120698,
    "model.layers.2.mlp.act_fn": 1.124759296794514e-05,
    "model.layers.2.input_layernorm": 8.556607005360362e-05,
    "model.layers.2.post_attention_layernorm": 7.36372811453683e-05,
    "model.layers.3.self_attn.q_proj": 0.0032980311047899856,
    "model.layers.3.self_attn.k_proj": 0.0006373924213451343,
    "model.layers.3.self_attn.v_proj": 0.0006335541442200378,
    "model.layers.3.self_attn.o_proj": 0.003258209962111253,
    "model.layers.3.self_attn.rotary_emb": 1.0988214513757727e-05,
    "model.layers.3.mlp.gate_proj": 0.018663998488541486,
    "model.layers.3.mlp.up_proj": 0.018631882719941192,
    "model.layers.3.mlp.down_proj": 0.018605564976786518,
    "model.layers.3.mlp.act_fn": 1.099345448252919e-05,
    "model.layers.3.input_layernorm": 7.929644741854825e-05,
    "model.layers.3.post_attention_layernorm": 6.458523509266612e-05,
    "model.layers.4.self_attn.q_proj": 0.003298473882151174,
    "model.layers.4.self_attn.k_proj": 0.0006378509186126374,
    "model.layers.4.self_attn.v_proj": 0.0006297630268138843,
    "model.layers.4.self_attn.o_proj": 0.003275205800821493,
    "model.layers.4.self_attn.rotary_emb": 1.0893895075871394e-05,
    "model.layers.4.mlp.gate_proj": 0.018674816404070173,
    "model.layers.4.mlp.up_proj": 0.018611179603325142,
    "model.layers.4.mlp.down_proj": 0.018572705132620677,
    "model.layers.4.mlp.act_fn": 1.099345448252919e-05,
    "model.layers.4.input_layernorm": 8.60298072898781e-05,
    "model.layers.4.post_attention_layernorm": 6.546030987750042e-05,
    "model.layers.5.self_attn.q_proj": 0.0032952093816065527,
    "model.layers.5.self_attn.k_proj": 0.0006348405565534319,
    "model.layers.5.self_attn.v_proj": 0.0006311201787256933,
    "model.layers.5.self_attn.o_proj": 0.0032626744155045393,
    "model.layers.5.self_attn.rotary_emb": 1.0872935200785543e-05,
    "model.layers.5.mlp.gate_proj": 0.01866685689150632,
    "model.layers.5.mlp.up_proj": 0.01862780340425261,
    "model.layers.5.mlp.down_proj": 0.01858411778460492,
    "model.layers.5.mlp.act_fn": 1.1093013889186984e-05,
    "model.layers.5.input_layernorm": 8.684724241822631e-05,
    "model.layers.5.post_attention_layernorm": 6.862787099984976e-05,
    "model.layers.6.self_attn.q_proj": 0.0033004388704404725,
    "model.layers.6.self_attn.k_proj": 0.0006337637429708963,
    "model.layers.6.self_attn.v_proj": 0.0006311280386788505,
    "model.layers.6.self_attn.o_proj": 0.0032597374130081346,
    "model.layers.6.self_attn.rotary_emb": 1.0799575637985062e-05,
    "model.layers.6.mlp.gate_proj": 0.018670131871988484,
    "model.layers.6.mlp.up_proj": 0.01860851769918924,
    "model.layers.6.mlp.down_proj": 0.018581091702639402,
    "model.layers.6.mlp.act_fn": 1.0967254638671875e-05,
    "model.layers.6.input_layernorm": 8.160727364676339e-05,
    "model.layers.6.post_attention_layernorm": 6.550222962767213e-05,
    "model.layers.7.self_attn.q_proj": 0.0033018772418682393,
    "model.layers.7.self_attn.k_proj": 0.0006364439869974996,
    "model.layers.7.self_attn.v_proj": 0.000631112318772536,
    "model.layers.7.self_attn.o_proj": 0.0032612674838894016,
    "model.layers.7.self_attn.rotary_emb": 1.0862455263242617e-05,
    "model.layers.7.mlp.gate_proj": 0.01865820308308025,
    "model.layers.7.mlp.up_proj": 0.018607464465466173,
    "model.layers.7.mlp.down_proj": 0.01859245981488909,
    "model.layers.7.mlp.act_fn": 1.1061574076558207e-05,
    "model.layers.7.input_layernorm": 8.644900479159512e-05,
    "model.layers.7.post_attention_layernorm": 6.385425944904705e-05,
    "model.layers.8.self_attn.q_proj": 0.003302707776918516,
    "model.layers.8.self_attn.k_proj": 0.0006346728775527451,
    "model.layers.8.self_attn.v_proj": 0.0006312459379762083,
    "model.layers.8.self_attn.o_proj": 0.00326054436819894,
    "model.layers.8.self_attn.rotary_emb": 1.0820535513070914e-05,
    "model.layers.8.mlp.gate_proj": 0.01866587963733044,
    "model.layers.8.mlp.up_proj": 0.018602609634399414,
    "model.layers.8.mlp.down_proj": 0.018569341072669394,
    "model.layers.8.mlp.act_fn": 1.0901755029028588e-05,
    "model.layers.8.input_layernorm": 9.385046068128648e-05,
    "model.layers.8.post_attention_layernorm": 6.518259153261289e-05,
    "model.layers.9.self_attn.q_proj": 0.0033009969271146334,
    "model.layers.9.self_attn.k_proj": 0.0006365383064353859,
    "model.layers.9.self_attn.v_proj": 0.0006325454502315312,
    "model.layers.9.self_attn.o_proj": 0.0032623704973157946,
    "model.layers.9.self_attn.rotary_emb": 1.086769523201408e-05,
    "model.layers.9.mlp.gate_proj": 0.018664373146308647,
    "model.layers.9.mlp.up_proj": 0.018642407197218675,
    "model.layers.9.mlp.down_proj": 0.018585789334643017,
    "model.layers.9.mlp.act_fn": 1.086769523201408e-05,
    "model.layers.9.input_layernorm": 8.513377262995794e-05,
    "model.layers.9.post_attention_layernorm": 6.377303993308937e-05,
    "model.layers.10.self_attn.q_proj": 0.003302123520400498,
    "model.layers.10.self_attn.k_proj": 0.0006385347345373133,
    "model.layers.10.self_attn.v_proj": 0.0006408874805157001,
    "model.layers.10.self_attn.o_proj": 0.0032622080582838794,
    "model.layers.10.self_attn.rotary_emb": 1.0909614982185783e-05,
    "model.layers.10.mlp.gate_proj": 0.01866422904716743,
    "model.layers.10.mlp.up_proj": 0.018614038006289975,
    "model.layers.10.mlp.down_proj": 0.01857002488859407,
    "model.layers.10.mlp.act_fn": 1.0854595310085422e-05,
    "model.layers.10.input_layernorm": 8.311900463733044e-05,
    "model.layers.10.post_attention_layernorm": 6.153033329890325e-05,
    "model.layers.11.self_attn.q_proj": 0.003299508775983538,
    "model.layers.11.self_attn.k_proj": 0.0006354510129153074,
    "model.layers.11.self_attn.v_proj": 0.0006336956233768673,
    "model.layers.11.self_attn.o_proj": 0.003261508522452889,
    "model.layers.11.self_attn.rotary_emb": 1.0920094919728709e-05,
    "model.layers.11.mlp.gate_proj": 0.01866724464919541,
    "model.layers.11.mlp.up_proj": 0.01862465156303657,
    "model.layers.11.mlp.down_proj": 0.018582742292802414,
    "model.layers.11.mlp.act_fn": 1.1457191718803658e-05,