{
  "algorithm_times": {
    "H_10": {
      "sgd": 1.7678215784110274,
      "pipe_sgd": 1.0822786866646952,
      "localsgd": 0.2236362147523673,
      "pipe_seq_localsgd": 0.20140885304514983,
      "dream_ddp": 0.1832328723851474
    }
  },
  "speedups": {
    "H_10": {
      "over_pipe_sgd": 5.90657490971267,
      "over_localsgd": 1.2205026960571457
    }
  }
}