{
    "model.embed_tokens": 2.1415642897288003,
    "model.layers.0.self_attn.q_proj": 0.03516397476196289,
    "model.layers.0.self_attn.k_proj": 0.005573050181070963,
    "model.layers.0.self_attn.v_proj": 0.006206719080607096,
    "model.layers.0.self_attn.o_proj": 0.022302945454915363,
    "model.layers.0.self_attn.rotary_emb": 1.2763341267903645e-05,
    "model.layers.0.mlp.gate_proj": 0.10700906117757161,
    "model.layers.0.mlp.up_proj": 0.13986612955729166,
    "model.layers.0.mlp.down_proj": 0.14856700897216796,
    "model.layers.0.mlp.act_fn": 1.430511474609375e-05,
    "model.layers.0.input_layernorm": 0.009186124801635743,
    "model.layers.0.post_attention_layernorm": 0.00042883555094401043,
    "model.layers.1.self_attn.q_proj": 0.023793872197469076,
    "model.layers.1.self_attn.k_proj": 0.00519568125406901,
    "model.layers.1.self_attn.v_proj": 0.0064628283182779946,
    "model.layers.1.self_attn.o_proj": 0.02008344332377116,
    "model.layers.1.self_attn.rotary_emb": 1.1444091796875e-05,
    "model.layers.1.mlp.gate_proj": 0.10925607681274414,
    "model.layers.1.mlp.up_proj": 0.12910788853963215,
    "model.layers.1.mlp.down_proj": 0.1375873883565267,
    "model.layers.1.mlp.act_fn": 1.1475880940755208e-05,
    "model.layers.1.input_layernorm": 0.009900204340616862,
    "model.layers.1.post_attention_layernorm": 0.00043590863545735675,
    "model.layers.2.self_attn.q_proj": 0.023871215184529622,
    "model.layers.2.self_attn.k_proj": 0.005058797200520834,
    "model.layers.2.self_attn.v_proj": 0.006450668970743815,
    "model.layers.2.self_attn.o_proj": 0.01956067085266113,
    "model.layers.2.self_attn.rotary_emb": 1.1110305786132813e-05,
    "model.layers.2.mlp.gate_proj": 0.10822520256042481,
    "model.layers.2.mlp.up_proj": 0.11519993146260579,
    "model.layers.2.mlp.down_proj": 0.13827508290608723,
    "model.layers.2.mlp.act_fn": 1.1952718098958333e-05,
    "model.layers.2.input_layernorm": 0.010246356328328451,
    "model.layers.2.post_attention_layernorm": 0.0004175821940104167,
    "model.layers.3.self_attn.q_proj": 0.02225190798441569,
    "model.layers.3.self_attn.k_proj": 0.004833014806111654,
    "model.layers.3.self_attn.v_proj": 0.006423203150431315,
    "model.layers.3.self_attn.o_proj": 0.018970839182535806,
    "model.layers.3.self_attn.rotary_emb": 1.1110305786132813e-05,
    "model.layers.3.mlp.gate_proj": 0.11773052215576171,
    "model.layers.3.mlp.up_proj": 0.12930335998535156,
    "model.layers.3.mlp.down_proj": 0.1542361259460449,
    "model.layers.3.mlp.act_fn": 1.1364618937174479e-05,
    "model.layers.3.input_layernorm": 0.009685548146565755,
    "model.layers.3.post_attention_layernorm": 0.0006154855092366536,
    "model.layers.4.self_attn.q_proj": 0.023463678359985352,
    "model.layers.4.self_attn.k_proj": 0.005056985219319661,
    "model.layers.4.self_attn.v_proj": 0.0064392884572347,
    "model.layers.4.self_attn.o_proj": 0.019124905268351238,
    "model.layers.4.self_attn.rotary_emb": 1.0999043782552083e-05,
    "model.layers.4.mlp.gate_proj": 0.12435614267985026,
    "model.layers.4.mlp.up_proj": 0.11667261123657227,
    "model.layers.4.mlp.down_proj": 0.11556622187296549,
    "model.layers.4.mlp.act_fn": 1.1285146077473959e-05,
    "model.layers.4.input_layernorm": 0.0106413205464681,
    "model.layers.4.post_attention_layernorm": 0.00041146278381347655,
    "model.layers.5.self_attn.q_proj": 0.023126490910847983,
    "model.layers.5.self_attn.k_proj": 0.005139891306559245,
    "model.layers.5.self_attn.v_proj": 0.006601174672444661,
    "model.layers.5.self_attn.o_proj": 0.019116942087809244,
    "model.layers.5.self_attn.rotary_emb": 1.0967254638671875e-05,
    "model.layers.5.mlp.gate_proj": 0.1092469056447347,
    "model.layers.5.mlp.up_proj": 0.1287548065185547,
    "model.layers.5.mlp.down_proj": 0.11821285883585612,
    "model.layers.5.mlp.act_fn": 1.1301040649414062e-05,
    "model.layers.5.input_layernorm": 0.009438689549763997,
    "model.layers.5.post_attention_layernorm": 0.0004420757293701172,
    "model.layers.6.self_attn.q_proj": 0.023496580123901368,
    "model.layers.6.self_attn.k_proj": 0.0062972386678059895,
    "model.layers.6.self_attn.v_proj": 0.006319348017374674,
    "model.layers.6.self_attn.o_proj": 0.019113890329996743,
    "model.layers.6.self_attn.rotary_emb": 1.1014938354492188e-05,
    "model.layers.6.mlp.gate_proj": 0.1099392573038737,
    "model.layers.6.mlp.up_proj": 0.11683634122212729,
    "model.layers.6.mlp.down_proj": 0.13868306477864584,
    "model.layers.6.mlp.act_fn": 1.1682510375976562e-05,
    "model.layers.6.input_layernorm": 0.009546105066935222,
    "model.layers.6.post_attention_layernorm": 0.0004234472910563151,
    "model.layers.7.self_attn.q_proj": 0.023784732818603514,
    "model.layers.7.self_attn.k_proj": 0.005608018239339193,
    "model.layers.7.self_attn.v_proj": 0.006263017654418945,
    "model.layers.7.self_attn.o_proj": 0.01907180150349935,
    "model.layers.7.self_attn.rotary_emb": 1.125335693359375e-05,
    "model.layers.7.mlp.gate_proj": 0.10859222412109375,
    "model.layers.7.mlp.up_proj": 0.11738437016805013,
    "model.layers.7.mlp.down_proj": 0.12849087715148927,
    "model.layers.7.mlp.act_fn": 1.1857350667317709e-05,
    "model.layers.7.input_layernorm": 0.009245204925537109,
    "model.layers.7.post_attention_layernorm": 0.0004260857899983724,
    "model.layers.8.self_attn.q_proj": 0.022980562845865884,
    "model.layers.8.self_attn.k_proj": 0.0051464716593424475,
    "model.layers.8.self_attn.v_proj": 0.006431182225545247,
    "model.layers.8.self_attn.o_proj": 0.018452835083007813,
    "model.layers.8.self_attn.rotary_emb": 1.1094411214192708e-05,
    "model.layers.8.mlp.gate_proj": 0.10962335268656413,
    "model.layers.8.mlp.up_proj": 0.11841932932535808,
    "model.layers.8.mlp.down_proj": 0.11665029525756836,
    "model.layers.8.mlp.act_fn": 1.1841456095377604e-05,
    "model.layers.8.input_layernorm": 0.010691165924072266,
    "model.layers.8.post_attention_layernorm": 0.0004388332366943359,
    "model.layers.9.self_attn.q_proj": 0.02259052594502767,
    "model.layers.9.self_attn.k_proj": 0.004913616180419922,
    "model.layers.9.self_attn.v_proj": 0.006788301467895508,
    "model.layers.9.self_attn.o_proj": 0.01852285067240397,
    "model.layers.9.self_attn.rotary_emb": 1.095136006673177e-05,
    "model.layers.9.mlp.gate_proj": 0.1091245969136556,
    "model.layers.9.mlp.up_proj": 0.11958700815836588,
    "model.layers.9.mlp.down_proj": 0.15894298553466796,
    "model.layers.9.mlp.act_fn": 1.190503438313802e-05,
    "model.layers.9.input_layernorm": 0.009528350830078126,
    "model.layers.9.post_attention_layernorm": 0.00041604042053222656,
    "model.layers.10.self_attn.q_proj": 0.023958349227905275,
    "model.layers.10.self_attn.k_proj": 0.0052490711212158205,
    "model.layers.10.self_attn.v_proj": 0.006358782450358073,
    "model.layers.10.self_attn.o_proj": 0.01908885637919108,
    "model.layers.10.self_attn.rotary_emb": 1.1189778645833333e-05,
    "model.layers.10.mlp.gate_proj": 0.1106199582417806,
    "model.layers.10.mlp.up_proj": 0.13041450182596842,
    "model.layers.10.mlp.down_proj": 0.13962955474853517,
    "model.layers.10.mlp.act_fn": 1.190503438313802e-05,
    "model.layers.10.input_layernorm": 0.009647162755330403,
    "model.layers.10.post_attention_layernorm": 0.00044317245483398436,
    "model.layers.11.self_attn.q_proj": 0.024113814036051433,
    "model.layers.11.self_attn.k_proj": 0.004941431681315104,
    "model.layers.11.self_attn.v_proj": 0.00632313092549642,
    "model.layers.11.self_attn.o_proj": 0.01944457689921061,
    "model.layers.11.self_attn.rotary_emb": 1.1221567789713542e-05,
    "model.layers.11.mlp.gate_proj": 0.10846322377522787,
    "model.layers.11.mlp.up_proj": 0.11505236625671386,
    "model.layers.11.mlp.down_proj": 0.13673299153645832,
    "model.layers.11.mlp.act_fn": 1.2493133544921875e-05,
    "model.layers.11.input_layernorm": 0.009182484944661458,