{
    "model.embed_tokens": 0.5174175641115974,
    "model.layers.0.self_attn.q_proj": 0.014234486748190486,
    "model.layers.0.self_attn.k_proj": 0.016624808311462402,
    "model.layers.0.self_attn.v_proj": 0.01698461700888241,
    "model.layers.0.self_attn.o_proj": 0.016337338615866268,
    "model.layers.0.self_attn.rotary_emb": 1.206818748922909e-05,
    "model.layers.0.mlp.gate_proj": 0.19120786470525405,
    "model.layers.0.mlp.up_proj": 0.1888400105869069,
    "model.layers.0.mlp.down_proj": 0.18892291012932272,
    "model.layers.0.mlp.act_fn": 1.2285569134880515e-05,
    "model.layers.0.input_layernorm": 0.006747806773466223,
    "model.layers.0.post_attention_layernorm": 0.00017985175637637868,
    "model.layers.1.self_attn.q_proj": 0.011069921886219698,
    "model.layers.1.self_attn.k_proj": 0.017258538919336656,
    "model.layers.1.self_attn.v_proj": 0.01658323933096493,
    "model.layers.1.self_attn.o_proj": 0.016587173237520104,
    "model.layers.1.self_attn.rotary_emb": 1.104439006132238e-05,
    "model.layers.1.mlp.gate_proj": 0.1926197234322043,
    "model.layers.1.mlp.up_proj": 0.18847418532652013,
    "model.layers.1.mlp.down_proj": 0.1881177215015187,
    "model.layers.1.mlp.act_fn": 1.1892879710477941e-05,
    "model.layers.1.input_layernorm": 0.00396579854628619,
    "model.layers.1.post_attention_layernorm": 0.00017824593712301815,
    "model.layers.2.self_attn.q_proj": 0.010936463580412023,
    "model.layers.2.self_attn.k_proj": 0.017464876174926758,
    "model.layers.2.self_attn.v_proj": 0.016536607461817125,
    "model.layers.2.self_attn.o_proj": 0.016596057835747215,
    "model.layers.2.self_attn.rotary_emb": 1.1191648595473345e-05,
    "model.layers.2.mlp.gate_proj": 0.19247473688686595,
    "model.layers.2.mlp.up_proj": 0.18620153735665715,
    "model.layers.2.mlp.down_proj": 0.18749092606937184,
    "model.layers.2.mlp.act_fn": 1.1556288775275735e-05,
    "model.layers.2.input_layernorm": 0.006500987445606905,
    "model.layers.2.post_attention_layernorm": 0.00017762184143066406,
    "model.layers.3.self_attn.q_proj": 0.011253707549151252,
    "model.layers.3.self_attn.k_proj": 0.017488297294167912,
    "model.layers.3.self_attn.v_proj": 0.01637731580173268,
    "model.layers.3.self_attn.o_proj": 0.016670858158784753,
    "model.layers.3.self_attn.rotary_emb": 1.1002316194422105e-05,
    "model.layers.3.mlp.gate_proj": 0.19164013161378748,
    "model.layers.3.mlp.up_proj": 0.18615827139686136,
    "model.layers.3.mlp.down_proj": 0.1890841371872846,
    "model.layers.3.mlp.act_fn": 1.1654461131376379e-05,
    "model.layers.3.input_layernorm": 0.008448993458467372,
    "model.layers.3.post_attention_layernorm": 0.0001816889818976907,
    "model.layers.4.self_attn.q_proj": 0.010796294492833754,
    "model.layers.4.self_attn.k_proj": 0.016561248723198387,
    "model.layers.4.self_attn.v_proj": 0.015969325514400706,
    "model.layers.4.self_attn.o_proj": 0.015869589412913603,
    "model.layers.4.self_attn.rotary_emb": 1.1037377750172335e-05,
    "model.layers.4.mlp.gate_proj": 0.19178702550775864,
    "model.layers.4.mlp.up_proj": 0.18768626802107868,
    "model.layers.4.mlp.down_proj": 0.18805729641633875,
    "model.layers.4.mlp.act_fn": 1.1948978199678309e-05,
    "model.layers.4.input_layernorm": 0.0043375842711504764,
    "model.layers.4.post_attention_layernorm": 0.00018015328575583065,
    "model.layers.5.self_attn.q_proj": 0.011272332247565775,
    "model.layers.5.self_attn.k_proj": 0.01729751334470861,
    "model.layers.5.self_attn.v_proj": 0.016616645981283748,
    "model.layers.5.self_attn.o_proj": 0.01646433858310475,
    "model.layers.5.self_attn.rotary_emb": 1.1493177974925321e-05,
    "model.layers.5.mlp.gate_proj": 0.19233431535608628,
    "model.layers.5.mlp.up_proj": 0.1860967944650089,
    "model.layers.5.mlp.down_proj": 0.19070036271039179,
    "model.layers.5.mlp.act_fn": 1.2215446023380055e-05,
    "model.layers.5.input_layernorm": 0.004880813991322237,
    "model.layers.5.post_attention_layernorm": 0.00017788129694321577,
    "model.layers.6.self_attn.q_proj": 0.01096651834600112,
    "model.layers.6.self_attn.k_proj": 0.017016382778392118,
    "model.layers.6.self_attn.v_proj": 0.01675870138056138,
    "model.layers.6.self_attn.o_proj": 0.016599206363453585,
    "model.layers.6.self_attn.rotary_emb": 1.1072439305922564e-05,
    "model.layers.6.mlp.gate_proj": 0.19089078201967127,
    "model.layers.6.mlp.up_proj": 0.18666878868551814,
    "model.layers.6.mlp.down_proj": 0.1881310589173261,
    "model.layers.6.mlp.act_fn": 1.1941965888528262e-05,
    "model.layers.6.input_layernorm": 0.007024659829981187,
    "model.layers.6.post_attention_layernorm": 0.0001787578358369715,
    "model.layers.7.self_attn.q_proj": 0.011251414523405187,
    "model.layers.7.self_attn.k_proj": 0.016919500687543082,
    "model.layers.7.self_attn.v_proj": 0.016830956234651452,
    "model.layers.7.self_attn.o_proj": 0.016384510432972628,
    "model.layers.7.self_attn.rotary_emb": 1.1037377750172335e-05,
    "model.layers.7.mlp.gate_proj": 0.19053074892829447,
    "model.layers.7.mlp.up_proj": 0.18879220766179702,
    "model.layers.7.mlp.down_proj": 0.18944136535420136,
    "model.layers.7.mlp.act_fn": 1.1556288775275735e-05,
    "model.layers.7.input_layernorm": 0.004546859685112448,
    "model.layers.7.post_attention_layernorm": 0.00017626145306755514,
    "model.norm": 0.0001654484692741843,
    "lm_head": 0.544637588893666
}