{
  "algorithm_times": {
    "H_5": {
      "sgd": 0.5474232216270644,
      "pipe_sgd": 0.3517524806820637,
      "localsgd": 0.1555925628847021,
      "pipe_seq_localsgd": 0.11679709126456411,
      "dream_ddp": 0.10364011996456514
    }
  },
  "speedups": {
    "H_5": {
      "over_pipe_sgd": 3.3939798680504127,
      "over_localsgd": 1.5012773329276312
    }
  }
}