{
  "algorithm_times": {
    "H_10": {
      "sgd": 0.9747523799234388,
      "pipe_sgd": 0.8144919410043759,
      "localsgd": 0.6137657412582529,
      "pipe_seq_localsgd": 0.5763619376257864,
      "dream_ddp": 0.5762210191457856
    }
  },
  "speedups": {
    "H_10": {
      "over_pipe_sgd": 1.4135061268882785,
      "over_localsgd": 1.0651568076571125
    }
  }
}