{
    "model.embed_tokens": 0.10469704866409302,
    "model.layers.0.self_attn.q_proj": 0.010507941246032715,
    "model.layers.0.self_attn.k_proj": 0.0023037195205688477,
    "model.layers.0.self_attn.v_proj": 0.002360820770263672,
    "model.layers.0.self_attn.o_proj": 0.0023159682750701904,
    "model.layers.0.self_attn.rotary_emb": 1.1771917343139648e-05,
    "model.layers.0.mlp.gate_proj": 0.025954902172088623,
    "model.layers.0.mlp.up_proj": 0.028066694736480713,
    "model.layers.0.mlp.down_proj": 0.029190629720687866,
    "model.layers.0.mlp.act_fn": 1.1205673217773438e-05,
    "model.layers.0.input_layernorm": 0.0036673247814178467,
    "model.layers.0.post_attention_layernorm": 0.00037166476249694824,
    "model.layers.1.self_attn.q_proj": 0.0021056830883026123,
    "model.layers.1.self_attn.k_proj": 0.002622157335281372,
    "model.layers.1.self_attn.v_proj": 0.0027126073837280273,
    "model.layers.1.self_attn.o_proj": 0.003002852201461792,
    "model.layers.1.self_attn.rotary_emb": 1.1295080184936523e-05,
    "model.layers.1.mlp.gate_proj": 0.0253315269947052,
    "model.layers.1.mlp.up_proj": 0.025401979684829712,
    "model.layers.1.mlp.down_proj": 0.025515973567962646,
    "model.layers.1.mlp.act_fn": 1.1056661605834961e-05,
    "model.layers.1.input_layernorm": 0.0031006336212158203,
    "model.layers.1.post_attention_layernorm": 0.00034311413764953613,
    "model.layers.2.self_attn.q_proj": 0.0018082261085510254,
    "model.layers.2.self_attn.k_proj": 0.002232849597930908,
    "model.layers.2.self_attn.v_proj": 0.00210493803024292,
    "model.layers.2.self_attn.o_proj": 0.0020300745964050293,
    "model.layers.2.self_attn.rotary_emb": 1.1354684829711914e-05,
    "model.layers.2.mlp.gate_proj": 0.024899303913116455,
    "model.layers.2.mlp.up_proj": 0.02571853995323181,
    "model.layers.2.mlp.down_proj": 0.02580210566520691,
    "model.layers.2.mlp.act_fn": 1.0848045349121094e-05,
    "model.layers.2.input_layernorm": 0.0031638145446777344,
    "model.layers.2.post_attention_layernorm": 0.0005386173725128174,
    "model.layers.3.self_attn.q_proj": 0.0019854605197906494,
    "model.layers.3.self_attn.k_proj": 0.0023761093616485596,
    "model.layers.3.self_attn.v_proj": 0.002221047878265381,
    "model.layers.3.self_attn.o_proj": 0.002242058515548706,
    "model.layers.3.self_attn.rotary_emb": 1.0907649993896484e-05,
    "model.layers.3.mlp.gate_proj": 0.025412529706954956,
    "model.layers.3.mlp.up_proj": 0.026275992393493652,
    "model.layers.3.mlp.down_proj": 0.025922268629074097,
    "model.layers.3.mlp.act_fn": 1.1265277862548828e-05,
    "model.layers.3.input_layernorm": 0.0027710795402526855,
    "model.layers.3.post_attention_layernorm": 0.00035628676414489746,
    "model.layers.4.self_attn.q_proj": 0.001925349235534668,
    "model.layers.4.self_attn.k_proj": 0.0020805001258850098,
    "model.layers.4.self_attn.v_proj": 0.0020735561847686768,
    "model.layers.4.self_attn.o_proj": 0.002117156982421875,
    "model.layers.4.self_attn.rotary_emb": 1.0967254638671875e-05,
    "model.layers.4.mlp.gate_proj": 0.025001734495162964,
    "model.layers.4.mlp.up_proj": 0.024936765432357788,
    "model.layers.4.mlp.down_proj": 0.024393707513809204,
    "model.layers.4.mlp.act_fn": 1.0907649993896484e-05,
    "model.layers.4.input_layernorm": 0.0032650232315063477,
    "model.layers.4.post_attention_layernorm": 0.0003223121166229248,
    "model.layers.5.self_attn.q_proj": 0.00187644362449646,
    "model.layers.5.self_attn.k_proj": 0.0020491480827331543,
    "model.layers.5.self_attn.v_proj": 0.002171039581298828,
    "model.layers.5.self_attn.o_proj": 0.002128124237060547,
    "model.layers.5.self_attn.rotary_emb": 1.1146068572998047e-05,
    "model.layers.5.mlp.gate_proj": 0.024449795484542847,
    "model.layers.5.mlp.up_proj": 0.024791449308395386,
    "model.layers.5.mlp.down_proj": 0.025078892707824707,
    "model.layers.5.mlp.act_fn": 1.1056661605834961e-05,
    "model.layers.5.input_layernorm": 0.0030913352966308594,
    "model.layers.5.post_attention_layernorm": 0.00031560659408569336,
    "model.layers.6.self_attn.q_proj": 0.0018072426319122314,
    "model.layers.6.self_attn.k_proj": 0.0020164847373962402,
    "model.layers.6.self_attn.v_proj": 0.0021590888500213623,
    "model.layers.6.self_attn.o_proj": 0.002113550901412964,
    "model.layers.6.self_attn.rotary_emb": 1.0788440704345703e-05,
    "model.layers.6.mlp.gate_proj": 0.025118887424468994,
    "model.layers.6.mlp.up_proj": 0.025693416595458984,
    "model.layers.6.mlp.down_proj": 0.026238173246383667,
    "model.layers.6.mlp.act_fn": 1.1622905731201172e-05,
    "model.layers.6.input_layernorm": 0.003551572561264038,
    "model.layers.6.post_attention_layernorm": 0.0003249645233154297,
    "model.layers.7.self_attn.q_proj": 0.0023127496242523193,
    "model.layers.7.self_attn.k_proj": 0.002545088529586792,
    "model.layers.7.self_attn.v_proj": 0.0024274885654449463,
    "model.layers.7.self_attn.o_proj": 0.002422541379928589,
    "model.layers.7.self_attn.rotary_emb": 1.1295080184936523e-05,
    "model.layers.7.mlp.gate_proj": 0.0328977108001709,
    "model.layers.7.mlp.up_proj": 0.0319676399230957,
    "model.layers.7.mlp.down_proj": 0.026352286338806152,
    "model.layers.7.mlp.act_fn": 1.1354684829711914e-05,
    "model.layers.7.input_layernorm": 0.003717362880706787,
    "model.layers.7.post_attention_layernorm": 0.00032275915145874023,
    "model.norm": 0.0003294646739959717,
    "lm_head": 0.09286069869995117
}