{
    "model.embed_tokens": 0.15053660370582758,
    "model.layers.0.self_attn.q_proj": 0.020437989124031955,
    "model.layers.0.self_attn.k_proj": 0.00521153072978175,
    "model.layers.0.self_attn.v_proj": 0.005243240400802257,
    "model.layers.0.self_attn.o_proj": 0.005303820898366529,
    "model.layers.0.self_attn.rotary_emb": 1.1255574780841207e-05,
    "model.layers.0.mlp.gate_proj": 0.04669050283210222,
    "model.layers.0.mlp.up_proj": 0.051734552826992304,
    "model.layers.0.mlp.down_proj": 0.050479101580242776,
    "model.layers.0.mlp.act_fn": 1.1405279470044513e-05,
    "model.layers.0.input_layernorm": 0.005976882091788358,
    "model.layers.0.post_attention_layernorm": 0.0005070664161859556,
    "model.layers.1.self_attn.q_proj": 0.005039697469666947,
    "model.layers.1.self_attn.k_proj": 0.0048362210739490595,
    "model.layers.1.self_attn.v_proj": 0.0049355307290720385,
    "model.layers.1.self_attn.o_proj": 0.004766009574712709,
    "model.layers.1.self_attn.rotary_emb": 1.0906263839366824e-05,
    "model.layers.1.mlp.gate_proj": 0.04598692960517351,
    "model.layers.1.mlp.up_proj": 0.05235246170398801,
    "model.layers.1.mlp.down_proj": 0.05019839419875034,
    "model.layers.1.mlp.act_fn": 1.1139137800349746e-05,
    "model.layers.1.input_layernorm": 0.0055722303168718205,
    "model.layers.1.post_attention_layernorm": 0.0004304397937863372,
    "model.layers.2.self_attn.q_proj": 0.005032877589381019,
    "model.layers.2.self_attn.k_proj": 0.004877367685007495,
    "model.layers.2.self_attn.v_proj": 0.004872693571933481,
    "model.layers.2.self_attn.o_proj": 0.004762727160786473,
    "model.layers.2.self_attn.rotary_emb": 1.0861906894417696e-05,
    "model.layers.2.mlp.gate_proj": 0.046234457991844,
    "model.layers.2.mlp.up_proj": 0.0508723258972168,
    "model.layers.2.mlp.down_proj": 0.04991169308507165,
    "model.layers.2.mlp.act_fn": 1.1144682418468387e-05,
    "model.layers.2.input_layernorm": 0.00613027949665868,
    "model.layers.2.post_attention_layernorm": 0.00042765639549077945,
    "model.layers.3.self_attn.q_proj": 0.0051304961359778115,
    "model.layers.3.self_attn.k_proj": 0.004897472470305687,
    "model.layers.3.self_attn.v_proj": 0.004854307618252066,
    "model.layers.3.self_attn.o_proj": 0.004779283390488736,
    "model.layers.3.self_attn.rotary_emb": 1.0751014532044876e-05,
    "model.layers.3.mlp.gate_proj": 0.046842880027238715,
    "model.layers.3.mlp.up_proj": 0.051626865253892054,
    "model.layers.3.mlp.down_proj": 0.0503859797189402,
    "model.layers.3.mlp.act_fn": 1.1233396308366643e-05,
    "model.layers.3.input_layernorm": 0.005895553633224132,
    "model.layers.3.post_attention_layernorm": 0.0004175596458967342,
    "model.layers.4.self_attn.q_proj": 0.005334183227184207,
    "model.layers.4.self_attn.k_proj": 0.0050947555275850515,
    "model.layers.4.self_attn.v_proj": 0.005088617635327716,
    "model.layers.4.self_attn.o_proj": 0.004876657973888309,
    "model.layers.4.self_attn.rotary_emb": 1.0778737622638082e-05,
    "model.layers.4.mlp.gate_proj": 0.046700045119884404,
    "model.layers.4.mlp.up_proj": 0.05082993729169979,
    "model.layers.4.mlp.down_proj": 0.04993311194486396,
    "model.layers.4.mlp.act_fn": 1.0911808457485466e-05,
    "model.layers.4.input_layernorm": 0.005471739658089571,
    "model.layers.4.post_attention_layernorm": 0.00037222684815872546,
    "model.layers.5.self_attn.q_proj": 0.0050739133080770805,
    "model.layers.5.self_attn.k_proj": 0.004830892695937046,
    "model.layers.5.self_attn.v_proj": 0.004840008048124091,
    "model.layers.5.self_attn.o_proj": 0.0047824604566707165,
    "model.layers.5.self_attn.rotary_emb": 1.0778737622638082e-05,
    "model.layers.5.mlp.gate_proj": 0.04680245976115382,
    "model.layers.5.mlp.up_proj": 0.05173870574596316,
    "model.layers.5.mlp.down_proj": 0.04953142099602278,
    "model.layers.5.mlp.act_fn": 1.099497772926508e-05,
    "model.layers.5.input_layernorm": 0.004944108253301576,
    "model.layers.5.post_attention_layernorm": 0.00040082044379655704,
    "model.layers.6.self_attn.q_proj": 0.004960049030392669,
    "model.layers.6.self_attn.k_proj": 0.004826850669328557,
    "model.layers.6.self_attn.v_proj": 0.004847265953241393,
    "model.layers.6.self_attn.o_proj": 0.004710258439529774,
    "model.layers.6.self_attn.rotary_emb": 1.1155771654705668e-05,
    "model.layers.6.mlp.gate_proj": 0.0469475457834643,
    "model.layers.6.mlp.up_proj": 0.052280093348303504,
    "model.layers.6.mlp.down_proj": 0.050992084103961326,
    "model.layers.6.mlp.act_fn": 1.0967254638671875e-05,
    "model.layers.6.input_layernorm": 0.0056283640307049415,
    "model.layers.6.post_attention_layernorm": 0.00037909663000772165,
    "model.layers.7.self_attn.q_proj": 0.0050253202748853105,
    "model.layers.7.self_attn.k_proj": 0.004908084869384766,
    "model.layers.7.self_attn.v_proj": 0.0048895935679590975,
    "model.layers.7.self_attn.o_proj": 0.004774808883666992,
    "model.layers.7.self_attn.rotary_emb": 1.0728836059570312e-05,
    "model.layers.7.mlp.gate_proj": 0.04636954706768657,
    "model.layers.7.mlp.up_proj": 0.05381927379342013,
    "model.layers.7.mlp.down_proj": 0.04983619756476824,
    "model.layers.7.mlp.act_fn": 1.1122503945993823e-05,
    "model.layers.7.input_layernorm": 0.005853037501490394,
    "model.layers.7.post_attention_layernorm": 0.0003753041112145712,
    "model.norm": 0.00034166491308877634,
    "lm_head": 0.1510789061701575
}