{
  "algorithm_times": {
    "H_10": {
      "sgd": 0.2996066318161184,
      "pipe_sgd": 0.20843015374808302,
      "localsgd": 0.09423161496787136,
      "pipe_seq_localsgd": 0.07810367664603368,
      "dream_ddp": 0.07697430768603392
    }
  },
  "speedups": {
    "H_10": {
      "over_pipe_sgd": 2.7077886117305114,
      "over_localsgd": 1.2241956803590528
    }
  }
}