{
    "transformer.wte": 0.32374031013912624,
    "transformer.wpe": 0.015272557735443115,
    "transformer.drop": 1.3569990793863932e-05,
    "transformer.h.0.ln_1": 0.002297010686662462,
    "transformer.h.0.attn.c_attn": 0.020129144191741943,
    "transformer.h.0.attn.c_proj": 0.007848189936743842,
    "transformer.h.0.attn.attn_dropout": 1.1563301086425781e-05,
    "transformer.h.0.attn.resid_dropout": 1.0192394256591797e-05,
    "transformer.h.0.ln_2": 0.0008126563496059842,
    "transformer.h.0.mlp.c_fc": 0.026493476496802434,
    "transformer.h.0.mlp.c_proj": 0.02510344319873386,
    "transformer.h.0.mlp.act": 1.1682510375976562e-05,
    "transformer.h.0.mlp.dropout": 1.0179148779975043e-05,
    "transformer.h.1.ln_1": 0.0008711814880371094,
    "transformer.h.1.attn.c_attn": 0.017660882737901475,
    "transformer.h.1.attn.c_proj": 0.007393042246500651,
    "transformer.h.1.attn.attn_dropout": 1.1285146077473959e-05,
    "transformer.h.1.attn.resid_dropout": 1.0212262471516928e-05,
    "transformer.h.1.ln_2": 0.0007420447137620714,
    "transformer.h.1.mlp.c_fc": 0.025423440668318007,
    "transformer.h.1.mlp.c_proj": 0.023658209376864962,
    "transformer.h.1.mlp.act": 1.1881192525227865e-05,
    "transformer.h.1.mlp.dropout": 1.0112921396891275e-05,
    "transformer.h.2.ln_1": 0.0007956491576300727,
    "transformer.h.2.attn.c_attn": 0.017103890577952068,
    "transformer.h.2.attn.c_proj": 0.007103549109564887,
    "transformer.h.2.attn.attn_dropout": 1.1338127983940973e-05,
    "transformer.h.2.attn.resid_dropout": 1.0132789611816406e-05,
    "transformer.h.2.ln_2": 0.0007318788104587131,
    "transformer.h.2.mlp.c_fc": 0.02487015061908298,
    "transformer.h.2.mlp.c_proj": 0.022923158274756536,
    "transformer.h.2.mlp.act": 1.1609660254584418e-05,
    "transformer.h.2.mlp.dropout": 1.0271867116292318e-05,
    "transformer.h.3.ln_1": 0.0007565021514892578,
    "transformer.h.3.attn.c_attn": 0.016511062781016033,
    "transformer.h.3.attn.c_proj": 0.0068782104386223685,
    "transformer.h.3.attn.attn_dropout": 1.1218918694390191e-05,
    "transformer.h.3.attn.resid_dropout": 1.0059939490424262e-05,
    "transformer.h.3.ln_2": 0.0007431639565361871,
    "transformer.h.3.mlp.c_fc": 0.024372955163319904,
    "transformer.h.3.mlp.c_proj": 0.022819909784528945,
    "transformer.h.3.mlp.act": 1.1490450965033637e-05,
    "transformer.h.3.mlp.dropout": 1.0371208190917969e-05,
    "transformer.h.4.ln_1": 0.000740402274661594,
    "transformer.h.4.attn.c_attn": 0.01658340295155843,
    "transformer.h.4.attn.c_proj": 0.006930450598398845,
    "transformer.h.4.attn.attn_dropout": 1.1185805002848307e-05,
    "transformer.h.4.attn.resid_dropout": 1.0040071275499133e-05,
    "transformer.h.4.ln_2": 0.0007482634650336371,
    "transformer.h.4.mlp.c_fc": 0.02428824371761746,
    "transformer.h.4.mlp.c_proj": 0.02295109960767958,
    "transformer.h.4.mlp.act": 1.150369644165039e-05,
    "transformer.h.4.mlp.dropout": 1.012616687350803e-05,
    "transformer.h.5.ln_1": 0.0007216665479871961,
    "transformer.h.5.attn.c_attn": 0.016537116633521184,
    "transformer.h.5.attn.c_proj": 0.007296423117319743,
    "transformer.h.5.attn.attn_dropout": 1.1814965142144098e-05,
    "transformer.h.5.attn.resid_dropout": 1.03910764058431e-05,
    "transformer.h.5.ln_2": 0.0008091396755642361,
    "transformer.h.5.mlp.c_fc": 0.030069947242736816,
    "transformer.h.5.mlp.c_proj": 0.02312632401784261,
    "transformer.h.5.mlp.act": 1.1298391554090711e-05,
    "transformer.h.5.mlp.dropout": 1.022550794813368e-05,
    "transformer.h.6.ln_1": 0.0007604890399509006,
    "transformer.h.6.attn.c_attn": 0.01642637120352851,
    "transformer.h.6.attn.c_proj": 0.007460600799984402,
    "transformer.h.6.attn.attn_dropout": 1.1324882507324219e-05,
    "transformer.h.6.attn.resid_dropout": 1.020563973320855e-05,
    "transformer.h.6.ln_2": 0.0007253355450100369,
    "transformer.h.6.mlp.c_fc": 0.024747120009528265,
    "transformer.h.6.mlp.c_proj": 0.023322443167368572,
    "transformer.h.6.mlp.act": 1.1397732628716363e-05,
    "transformer.h.6.mlp.dropout": 1.0232130686442057e-05,
    "transformer.h.7.ln_1": 0.0007457931836446127,
    "transformer.h.7.attn.c_attn": 0.016656570964389376,
    "transformer.h.7.attn.c_proj": 0.006909688313802083,
    "transformer.h.7.attn.attn_dropout": 1.1152691311306424e-05,
    "transformer.h.7.attn.resid_dropout": 1.0093053181966146e-05,
    "transformer.h.7.ln_2": 0.0007020698653327094,
    "transformer.h.7.mlp.c_fc": 0.024828606181674533,
    "transformer.h.7.mlp.c_proj": 0.022895720269944932,
    "transformer.h.7.mlp.act": 1.1477205488416883e-05,
    "transformer.h.7.mlp.dropout": 1.0291735331217447e-05,
    "transformer.h.8.ln_1": 0.0007480449146694607,
    "transformer.h.8.attn.c_attn": 0.016574528482225206,
    "transformer.h.8.attn.c_proj": 0.006993611653645833,
    "transformer.h.8.attn.attn_dropout": 1.1477205488416883e-05,
    "transformer.h.8.attn.resid_dropout": 1.0199016994900174e-05,
    "transformer.h.8.ln_2": 0.0006992220878601074,
    "transformer.h.8.mlp.c_fc": 0.024523695309956867,
    "transformer.h.8.mlp.c_proj": 0.022619413004981145,
    "transformer.h.8.mlp.act": 1.2563334570990668e-05,
    "transformer.h.8.mlp.dropout": 1.1298391554090711e-05,
    "transformer.h.9.ln_1": 0.0007383293575710721,
    "transformer.h.9.attn.c_attn": 0.016491492589314777,
    "transformer.h.9.attn.c_proj": 0.006880210505591499,
    "transformer.h.9.attn.attn_dropout": 1.1258655124240451e-05,
    "transformer.h.9.attn.resid_dropout": 1.0152657826741537e-05,
    "transformer.h.9.ln_2": 0.000729819138844808,
    "transformer.h.9.mlp.c_fc": 0.024818274709913466,
    "transformer.h.9.mlp.c_proj": 0.023731476730770536,
    "transformer.h.9.mlp.act": 1.1662642161051432e-05,
    "transformer.h.9.mlp.dropout": 1.0351339975992838e-05,
    "transformer.h.10.ln_1": 0.0007236268785264757,
    "transformer.h.10.attn.c_attn": 0.016206522782643635,
    "transformer.h.10.attn.c_proj": 0.007172564665476481,
    "transformer.h.10.attn.attn_dropout": 1.1252032385932074e-05,
    "transformer.h.10.attn.resid_dropout": 1.018577151828342e-05,
    "transformer.h.10.ln_2": 0.0007254613770378961,
    "transformer.h.10.mlp.c_fc": 0.024551484319898818,
    "transformer.h.10.mlp.c_proj": 0.02322517500983344,
    "transformer.h.10.mlp.act": 1.1550055609809027e-05,
    "transformer.h.10.mlp.dropout": 1.0258621639675564e-05,
    "transformer.h.11.ln_1": 0.0007480647828843859,
    "transformer.h.11.attn.c_attn": 0.016911341084374323,
    "transformer.h.11.attn.c_proj": 0.00688375367058648,
    "transformer.h.11.attn.attn_dropout": 1.1550055609809027e-05,
    "transformer.h.11.attn.resid_dropout": 1.0232130686442057e-05,
    "transformer.h.11.ln_2": 0.000728713141547309,
    "transformer.h.11.mlp.c_fc": 0.02468321058485243,
    "transformer.h.11.mlp.c_proj": 0.023086607456207275,
    "transformer.h.11.mlp.act": 1.1642773946126303e-05,
    "transformer.h.11.mlp.dropout": 1.0324849022759332e-05,
    "transformer.ln_f": 0.0007331371307373047,
    "lm_head": 0.32119637727737427
}