{
    "transformer.wte": 0.2024315425327846,
    "transformer.wpe": 0.009600979941231864,
    "transformer.drop": 1.236370631626674e-05,
    "transformer.h.0.ln_1": 0.0029024737221854074,
    "transformer.h.0.attn.c_attn": 0.014837196895054408,
    "transformer.h.0.attn.c_proj": 0.005878550665719169,
    "transformer.h.0.attn.attn_dropout": 1.1546271187918527e-05,
    "transformer.h.0.attn.resid_dropout": 9.979520525251115e-06,
    "transformer.h.0.ln_2": 0.0006152561732700893,
    "transformer.h.0.mlp.c_fc": 0.0196077823638916,
    "transformer.h.0.mlp.c_proj": 0.01812911033630371,
    "transformer.h.0.mlp.act": 1.1512211390904018e-05,
    "transformer.h.0.mlp.dropout": 9.638922555106027e-06,
    "transformer.h.1.ln_1": 0.0006807531629289899,
    "transformer.h.1.attn.c_attn": 0.009600605283464705,
    "transformer.h.1.attn.c_proj": 0.004253932407924107,
    "transformer.h.1.attn.attn_dropout": 1.1307852608816965e-05,
    "transformer.h.1.attn.resid_dropout": 9.809221540178572e-06,
    "transformer.h.1.ln_2": 0.0006235327039446149,
    "transformer.h.1.mlp.c_fc": 0.013334308351789202,
    "transformer.h.1.mlp.c_proj": 0.0122157164982387,
    "transformer.h.1.mlp.act": 1.1341912405831473e-05,
    "transformer.h.1.mlp.dropout": 9.979520525251115e-06,
    "transformer.h.2.ln_1": 0.000686577388218471,
    "transformer.h.2.attn.c_attn": 0.008673804146902902,
    "transformer.h.2.attn.c_proj": 0.004087277821132115,
    "transformer.h.2.attn.attn_dropout": 1.1171613420758928e-05,
    "transformer.h.2.attn.resid_dropout": 9.979520525251115e-06,
    "transformer.h.2.ln_2": 0.0006070137023925781,
    "transformer.h.2.mlp.c_fc": 0.013820273535592216,
    "transformer.h.2.mlp.c_proj": 0.01282705579485212,
    "transformer.h.2.mlp.act": 1.1171613420758928e-05,
    "transformer.h.2.mlp.dropout": 1.0115759713309152e-05,
    "transformer.h.3.ln_1": 0.000652313232421875,
    "transformer.h.3.attn.c_attn": 0.00894066265651158,
    "transformer.h.3.attn.c_proj": 0.0042885371616908485,
    "transformer.h.3.attn.attn_dropout": 1.1273792811802455e-05,
    "transformer.h.3.attn.resid_dropout": 9.775161743164062e-06,
    "transformer.h.3.ln_2": 0.0006005082811628069,
    "transformer.h.3.mlp.c_fc": 0.013445956366402763,
    "transformer.h.3.mlp.c_proj": 0.012337923049926758,
    "transformer.h.3.mlp.act": 1.1239733014787947e-05,
    "transformer.h.3.mlp.dropout": 1.0081699916294643e-05,
    "transformer.h.4.ln_1": 0.0006709098815917969,
    "transformer.h.4.attn.c_attn": 0.009141717638288225,
    "transformer.h.4.attn.c_proj": 0.004203660147530692,
    "transformer.h.4.attn.attn_dropout": 1.1069434029715402e-05,
    "transformer.h.4.attn.resid_dropout": 9.87734113420759e-06,
    "transformer.h.4.ln_2": 0.0005776882171630859,
    "transformer.h.4.mlp.c_fc": 0.013270344052995955,
    "transformer.h.4.mlp.c_proj": 0.01211541039603097,
    "transformer.h.4.mlp.act": 1.1171613420758928e-05,
    "transformer.h.4.mlp.dropout": 9.84328133719308e-06,
    "transformer.h.5.ln_1": 0.0006240776606968471,
    "transformer.h.5.attn.c_attn": 0.00887887818472726,
    "transformer.h.5.attn.c_proj": 0.004186766488211495,
    "transformer.h.5.attn.attn_dropout": 1.1239733014787947e-05,
    "transformer.h.5.attn.resid_dropout": 9.979520525251115e-06,
    "transformer.h.5.ln_2": 0.0005970682416643415,
    "transformer.h.5.mlp.c_fc": 0.012502227510724748,
    "transformer.h.5.mlp.c_proj": 0.012410197939191545,
    "transformer.h.5.mlp.act": 1.1239733014787947e-05,
    "transformer.h.5.mlp.dropout": 1.014981951032366e-05,
    "transformer.h.6.ln_1": 0.0007040160042898995,
    "transformer.h.6.attn.c_attn": 0.008547816957746233,
    "transformer.h.6.attn.c_proj": 0.004040649959019252,
    "transformer.h.6.attn.attn_dropout": 1.1035374232700893e-05,
    "transformer.h.6.attn.resid_dropout": 9.672982352120535e-06,
    "transformer.h.6.ln_2": 0.0007453986576625279,
    "transformer.h.6.mlp.c_fc": 0.013076339449201311,
    "transformer.h.6.mlp.c_proj": 0.012254510607038225,
    "transformer.h.6.mlp.act": 1.113755362374442e-05,
    "transformer.h.6.mlp.dropout": 9.979520525251115e-06,
    "transformer.h.7.ln_1": 0.0006154605320521764,
    "transformer.h.7.attn.c_attn": 0.008939334324428014,
    "transformer.h.7.attn.c_proj": 0.004093067986624581,
    "transformer.h.7.attn.attn_dropout": 1.113755362374442e-05,
    "transformer.h.7.attn.resid_dropout": 9.945460728236607e-06,
    "transformer.h.7.ln_2": 0.0006150177546909877,
    "transformer.h.7.mlp.c_fc": 0.015421288354056222,
    "transformer.h.7.mlp.c_proj": 0.01736647742135184,
    "transformer.h.7.mlp.act": 1.1001314435686385e-05,
    "transformer.h.7.mlp.dropout": 1.0081699916294643e-05,
    "transformer.h.8.ln_1": 0.0006082057952880859,
    "transformer.h.8.attn.c_attn": 0.012649093355451311,
    "transformer.h.8.attn.c_proj": 0.005378280367170062,
    "transformer.h.8.attn.attn_dropout": 1.1273792811802455e-05,
    "transformer.h.8.attn.resid_dropout": 9.911400931222098e-06,
    "transformer.h.8.ln_2": 0.0008327279772077288,
    "transformer.h.8.mlp.c_fc": 0.01783101899283273,
    "transformer.h.8.mlp.c_proj": 0.014324290411812919,
    "transformer.h.8.mlp.act": 1.1001314435686385e-05,
    "transformer.h.8.mlp.dropout": 1.0047640119280135e-05,
    "transformer.h.9.ln_1": 0.0006294591086251396,
    "transformer.h.9.attn.c_attn": 0.008841514587402344,
    "transformer.h.9.attn.c_proj": 0.0042613233838762555,
    "transformer.h.9.attn.attn_dropout": 1.110349382672991e-05,
    "transformer.h.9.attn.resid_dropout": 9.87734113420759e-06,
    "transformer.h.9.ln_2": 0.0005742481776646205,
    "transformer.h.9.mlp.c_fc": 0.012988056455339705,
    "transformer.h.9.mlp.c_proj": 0.011589493070329939,
    "transformer.h.9.mlp.act": 1.1069434029715402e-05,
    "transformer.h.9.mlp.dropout": 1.0013580322265625e-05,
    "transformer.h.10.ln_1": 0.0006113052368164062,
    "transformer.h.10.attn.c_attn": 0.008480957576206751,
    "transformer.h.10.attn.c_proj": 0.003936665398733956,
    "transformer.h.10.attn.attn_dropout": 1.1035374232700893e-05,
    "transformer.h.10.attn.resid_dropout": 9.945460728236607e-06,
    "transformer.h.10.ln_2": 0.0005814347948346819,
    "transformer.h.10.mlp.c_fc": 0.01238863808768136,
    "transformer.h.10.mlp.c_proj": 0.012317691530500139,
    "transformer.h.10.mlp.act": 1.1205673217773438e-05,
    "transformer.h.10.mlp.dropout": 1.0081699916294643e-05,
    "transformer.h.11.ln_1": 0.0005802767617361886,
    "transformer.h.11.attn.c_attn": 0.008675745555332728,
    "transformer.h.11.attn.c_proj": 0.004021065575735909,
    "transformer.h.11.attn.attn_dropout": 1.1614390781947545e-05,
    "transformer.h.11.attn.resid_dropout": 9.945460728236607e-06,
    "transformer.h.11.ln_2": 0.0005721024104527064,
    "transformer.h.11.mlp.c_fc": 0.012950760977608817,
    "transformer.h.11.mlp.c_proj": 0.012500796999250139,
    "transformer.h.11.mlp.act": 1.113755362374442e-05,
    "transformer.h.11.mlp.dropout": 9.979520525251115e-06,
    "transformer.ln_f": 0.000579629625592913,
    "lm_head": 0.18344913210187638
}