{
    "conv1": 0.010885374886648995,
    "bn1": 0.00015308175768171038,
    "layer1.0.conv1": 8.198193141392299e-05,
    "layer1.0.bn1": 0.00010081699916294642,
    "layer1.0.conv2": 0.00012561253138950894,
    "layer1.0.bn2": 9.55547605242048e-05,
    "layer1.0.conv3": 9.453296661376953e-05,
    "layer1.0.bn3": 0.00010427406855991908,
    "layer1.0.shortcut.0": 9.560585021972656e-05,
    "layer1.0.shortcut.1": 9.243828909737723e-05,
    "layer1.1.conv1": 9.688309260777064e-05,
    "layer1.1.bn1": 9.638922555106027e-05,
    "layer1.1.conv2": 0.00012070792061941964,
    "layer1.1.bn2": 0.00010435921805245536,
    "layer1.1.conv3": 9.463514600481306e-05,
    "layer1.1.bn3": 9.23020499093192e-05,
    "layer1.1.shortcut": 1.1444091796875e-05,
    "layer1.2.conv1": 9.754725864955358e-05,
    "layer1.2.bn1": 9.163788386753627e-05,
    "layer1.2.conv2": 0.00011701243264334542,
    "layer1.2.bn2": 8.835111345563616e-05,
    "layer1.2.conv3": 8.978162493024553e-05,
    "layer1.2.bn3": 9.40561294555664e-05,
    "layer1.2.shortcut": 1.1154583522251674e-05,
    "layer2.0.conv1": 0.00017602103097098215,
    "layer2.0.bn1": 0.00010676043374197823,
    "layer2.0.conv2": 0.00024049622671944753,
    "layer2.0.bn2": 0.00019638878958565847,
    "layer2.0.conv3": 0.0001566239765712193,
    "layer2.0.bn3": 9.185927254813058e-05,
    "layer2.0.shortcut.0": 0.00021607535226004465,
    "layer2.0.shortcut.1": 9.964193616594587e-05,
    "layer2.1.conv1": 0.00015023776463099888,
    "layer2.1.bn1": 9.776864733014788e-05,
    "layer2.1.conv2": 0.00024041107722691128,
    "layer2.1.bn2": 0.00011236327035086495,
    "layer2.1.conv3": 0.00015332017626081194,
    "layer2.1.bn3": 9.197848183768136e-05,
    "layer2.1.shortcut": 1.1529241289411272e-05,
    "layer2.2.conv1": 0.0002906322479248047,
    "layer2.2.bn1": 0.00011570113045828683,
    "layer2.2.conv2": 0.0002397298812866211,
    "layer2.2.bn2": 9.483950478690011e-05,
    "layer2.2.conv3": 0.00015791824885777066,
    "layer2.2.bn3": 0.00011306149618966239,
    "layer2.2.shortcut": 1.1052404131208147e-05,
    "layer2.3.conv1": 0.00015526158469063894,
    "layer2.3.bn1": 0.00015769686017717634,
    "layer2.3.conv2": 0.00024039404732840403,
    "layer2.3.bn2": 9.276185716901506e-05,
    "layer2.3.conv3": 0.00015384810311453684,
    "layer2.3.bn3": 9.453296661376953e-05,
    "layer2.3.shortcut": 1.1120523725237166e-05,
    "layer3.0.conv1": 0.00026595592498779297,
    "layer3.0.bn1": 0.0001161609377179827,
    "layer3.0.conv2": 0.0007699217115129743,
    "layer3.0.bn2": 0.00011295931679861886,
    "layer3.0.conv3": 0.00038368361336844306,
    "layer3.0.bn3": 9.587832859584264e-05,
    "layer3.0.shortcut.0": 0.000689455441066197,
    "layer3.0.shortcut.1": 9.49927738734654e-05,
    "layer3.1.conv1": 0.00037733146122523716,
    "layer3.1.bn1": 0.00010027204241071428,
    "layer3.1.conv2": 0.0007689169475010463,
    "layer3.1.bn2": 9.426048823765345e-05,
    "layer3.1.conv3": 0.0003698383058820452,
    "layer3.1.bn3": 9.577614920479911e-05,
    "layer3.1.shortcut": 1.1120523725237166e-05,
    "layer3.2.conv1": 0.0003681182861328125,
    "layer3.2.bn1": 9.829657418387277e-05,
    "layer3.2.conv2": 0.0007740429469517299,
    "layer3.2.bn2": 0.0001039675303867885,
    "layer3.2.conv3": 0.0003701278141566685,
    "layer3.2.bn3": 0.00010057858058384486,
    "layer3.2.shortcut": 1.110349382672991e-05,
    "layer3.3.conv1": 0.00037109851837158203,
    "layer3.3.bn1": 0.00010444436754499163,
    "layer3.3.conv2": 0.0007666349411010742,
    "layer3.3.bn2": 9.793894631522042e-05,
    "layer3.3.conv3": 0.00037091118948800225,
    "layer3.3.bn3": 9.351117270333427e-05,
    "layer3.3.shortcut": 1.1171613420758928e-05,
    "layer3.4.conv1": 0.00037285259791782925,
    "layer3.4.bn1": 9.632110595703125e-05,
    "layer3.4.conv2": 0.0007689510072980608,
    "layer3.4.bn2": 0.00010086808885846819,
    "layer3.4.conv3": 0.00036847591400146484,
    "layer3.4.bn3": 9.466920580182756e-05,
    "layer3.4.shortcut": 1.1018344334193639e-05,
    "layer3.5.conv1": 0.00037041732243129184,
    "layer3.5.bn1": 9.407315935407366e-05,
    "layer3.5.conv2": 0.0007691723959786552,
    "layer3.5.bn2": 9.543555123465402e-05,
    "layer3.5.conv3": 0.00036891869136265347,
    "layer3.5.bn3": 9.226799011230469e-05,
    "layer3.5.shortcut": 1.0950224740164621e-05,
    "layer4.0.conv1": 0.0006895065307617188,
    "layer4.0.bn1": 9.589535849434989e-05,
    "layer4.0.conv2": 0.0029461724417550223,
    "layer4.0.bn2": 0.00010633468627929688,
    "layer4.0.conv3": 0.0013345139367239816,
    "layer4.0.bn3": 9.844984327043806e-05,
    "layer4.0.shortcut.0": 0.0026293652398245676,
    "layer4.0.shortcut.1": 0.00010107244764055525,
    "layer4.1.conv1": 0.0013326236179896764,
    "layer4.1.bn1": 0.00010182176317487444,
    "layer4.1.conv2": 0.002947892461504255,
    "layer4.1.bn2": 0.00010311603546142578,
    "layer4.1.conv3": 0.0013332196644374303,
    "layer4.1.bn3": 9.979520525251116e-05,
    "layer4.1.shortcut": 1.110349382672991e-05,
    "layer4.2.conv1": 0.0013355187007359096,
    "layer4.2.bn1": 0.00012198516300746373,
    "layer4.2.conv2": 0.0029505150658743723,
    "layer4.2.bn2": 0.00010619844709123884,
    "layer4.2.conv3": 0.001329387937273298,
    "layer4.2.bn3": 9.974411555698939e-05,
    "layer4.2.shortcut": 1.110349382672991e-05,
    "linear": 0.00032392569950648716
}