{
    "conv1": 0.0021411478519439697,
    "bn1": 0.0001447598139444987,
    "layer1.0.conv1": 7.71482785542806e-05,
    "layer1.0.bn1": 9.675820668538411e-05,
    "layer1.0.conv2": 0.00012740492820739746,
    "layer1.0.bn2": 9.860595067342122e-05,
    "layer1.0.conv3": 9.037057558695476e-05,
    "layer1.0.bn3": 9.43144162495931e-05,
    "layer1.0.shortcut.0": 9.543697039286296e-05,
    "layer1.0.shortcut.1": 9.434421857198079e-05,
    "layer1.1.conv1": 9.416540463765462e-05,
    "layer1.1.bn1": 9.290377298990886e-05,
    "layer1.1.conv2": 0.00011539459228515625,
    "layer1.1.bn2": 0.00010088086128234863,
    "layer1.1.conv3": 9.301304817199707e-05,
    "layer1.1.bn3": 0.00010073184967041016,
    "layer1.1.shortcut": 1.1702378590901693e-05,
    "layer1.2.conv1": 9.393692016601562e-05,
    "layer1.2.bn1": 9.999672571818034e-05,
    "layer1.2.conv2": 0.00011601050694783528,
    "layer1.2.bn2": 9.591380755106609e-05,
    "layer1.2.conv3": 9.368856747945149e-05,
    "layer1.2.bn3": 9.912252426147461e-05,
    "layer1.2.shortcut": 1.1006991068522135e-05,
    "layer2.0.conv1": 0.00010797381401062012,
    "layer2.0.bn1": 0.0001131892204284668,
    "layer2.0.conv2": 0.00023692846298217773,
    "layer2.0.bn2": 9.407599767049153e-05,
    "layer2.0.conv3": 0.00015391906102498373,
    "layer2.0.bn3": 9.218851725260417e-05,
    "layer2.0.shortcut.0": 0.00021525224049886069,
    "layer2.0.shortcut.1": 9.276469548543294e-05,
    "layer2.1.conv1": 0.00015023350715637207,
    "layer2.1.bn1": 9.617209434509277e-05,
    "layer2.1.conv2": 0.0002380212148030599,
    "layer2.1.bn2": 9.658932685852051e-05,
    "layer2.1.conv3": 0.00015160441398620605,
    "layer2.1.bn3": 9.851654370625813e-05,
    "layer2.1.shortcut": 1.103679339090983e-05,
    "layer2.2.conv1": 0.00015496214230855307,
    "layer2.2.bn1": 9.767214457194011e-05,
    "layer2.2.conv2": 0.00024030605951944986,
    "layer2.2.bn2": 9.589393933614095e-05,
    "layer2.2.conv3": 0.0001534720261891683,
    "layer2.2.bn3": 9.631117184956868e-05,
    "layer2.2.shortcut": 1.0848045349121094e-05,
    "layer2.3.conv1": 0.0001532137393951416,
    "layer2.3.bn1": 9.461243947347005e-05,
    "layer2.3.conv2": 0.00024051467577616373,
    "layer2.3.bn2": 0.00011086463928222656,
    "layer2.3.conv3": 0.000153501828511556,
    "layer2.3.bn3": 9.811917940775554e-05,
    "layer2.3.shortcut": 1.089771588643392e-05,
    "layer3.0.conv1": 0.0002270042896270752,
    "layer3.0.bn1": 9.888410568237305e-05,
    "layer3.0.conv2": 0.0007678369681040446,
    "layer3.0.bn2": 0.00017585357030232748,
    "layer3.0.conv3": 0.0003676116466522217,
    "layer3.0.bn3": 0.00010283788045247395,
    "layer3.0.shortcut.0": 0.0006870230038960775,
    "layer3.0.shortcut.1": 9.47415828704834e-05,
    "layer3.1.conv1": 0.00037603576978047687,
    "layer3.1.bn1": 0.00011150042215983073,
    "layer3.1.conv2": 0.0007717708746592203,
    "layer3.1.bn2": 0.00012063980102539062,
    "layer3.1.conv3": 0.0003756781419118245,
    "layer3.1.bn3": 0.00010710954666137695,
    "layer3.1.shortcut": 1.1006991068522135e-05,
    "layer3.2.conv1": 0.0003806451956431071,
    "layer3.2.bn1": 0.00013528267542521158,
    "layer3.2.conv2": 0.0007653236389160156,
    "layer3.2.bn2": 9.827812512715657e-05,
    "layer3.2.conv3": 0.0003695189952850342,
    "layer3.2.bn3": 9.765227635701497e-05,
    "layer3.2.shortcut": 1.0788440704345703e-05,
    "layer3.3.conv1": 0.00036846597989400226,
    "layer3.3.bn1": 9.866555531819661e-05,
    "layer3.3.conv2": 0.000764995813369751,
    "layer3.3.bn2": 0.00010556976000467937,
    "layer3.3.conv3": 0.00036720434824625653,
    "layer3.3.bn3": 0.00010221203168233235,
    "layer3.3.shortcut": 1.1275211970011393e-05,
    "layer3.4.conv1": 0.0003680487473805745,
    "layer3.4.bn1": 0.0001395245393117269,
    "layer3.4.conv2": 0.0007677475611368815,
    "layer3.4.bn2": 0.00012384851773579916,
    "layer3.4.conv3": 0.0003663003444671631,
    "layer3.4.bn3": 0.00011377533276875813,
    "layer3.4.shortcut": 1.0877847671508789e-05,
    "layer3.5.conv1": 0.0003648698329925537,
    "layer3.5.bn1": 0.00010241071383158366,
    "layer3.5.conv2": 0.0007707178592681885,
    "layer3.5.bn2": 9.827812512715657e-05,
    "layer3.5.conv3": 0.0003680984179178874,
    "layer3.5.bn3": 9.387731552124023e-05,
    "layer3.5.shortcut": 1.097718874613444e-05,
    "layer4.0.conv1": 0.0006904006004333496,
    "layer4.0.bn1": 0.00010200341542561849,
    "layer4.0.conv2": 0.002947429815928141,
    "layer4.0.bn2": 0.00010693073272705078,
    "layer4.0.conv3": 0.0013329585393269856,
    "layer4.0.bn3": 0.00014821688334147135,
    "layer4.0.shortcut.0": 0.0026240944862365723,
    "layer4.0.shortcut.1": 0.00010242064793904622,
    "layer4.1.conv1": 0.001333793004353841,
    "layer4.1.bn1": 0.00013424952824910483,
    "layer4.1.conv2": 0.002968768278757731,
    "layer4.1.bn2": 0.00010896722475687663,
    "layer4.1.conv3": 0.0013307432333628337,
    "layer4.1.bn3": 0.00011520584424336751,
    "layer4.1.shortcut": 1.0917584101359049e-05,
    "layer4.2.conv1": 0.0013326903184254963,
    "layer4.2.bn1": 0.00014206767082214355,
    "layer4.2.conv2": 0.002953559160232544,
    "layer4.2.bn2": 0.00010126829147338867,
    "layer4.2.conv3": 0.0013308823108673096,
    "layer4.2.bn3": 0.00011102358500162761,
    "layer4.2.shortcut": 1.095732053120931e-05,
    "linear": 0.00031638145446777344
}