{
  "algorithm_times": {
    "H_10": {
      "sgd": 2.1925682257237464,
      "pipe_sgd": 1.6814336664938863,
      "localsgd": 1.0412376310585854,
      "pipe_seq_localsgd": 0.9529147726492087,
      "dream_ddp": 0.9414068024592085
    }
  },
  "speedups": {
    "H_10": {
      "over_pipe_sgd": 1.786086166045888,
      "over_localsgd": 1.1060443034176
    }
  }
}