{
  "algorithm_times": {
    "H_5": {
      "sgd": 29.453803689964847,
      "pipe_sgd": 19.830218434024477,
      "localsgd": 10.182574214943546,
      "pipe_seq_localsgd": 9.504859238113035,
      "dream_ddp": 9.116598570503138
    }
  },
  "speedups": {
    "H_5": {
      "over_pipe_sgd": 2.1751773186751233,
      "over_localsgd": 1.1169269038443115
    }
  }
}