{
  "algorithm_times": {
    "H_5": {
      "sgd": 68.95262907944604,
      "pipe_sgd": 42.89142165146821,
      "localsgd": 16.765061204920144,
      "pipe_seq_localsgd": 14.892179015500853,
      "dream_ddp": 13.76847499310083
    }
  },
  "speedups": {
    "H_5": {
      "over_pipe_sgd": 3.1151904385170064,
      "over_localsgd": 1.2176411122742974
    }
  }
}