{
    "model.embed_tokens": 4.431639594593267e-05,
    "model.layers.0.self_attn.q_proj": 0.0001546678871944033,
    "model.layers.0.self_attn.k_proj": 0.00014023397160672593,
    "model.layers.0.self_attn.v_proj": 0.000789158645717577,
    "model.layers.0.self_attn.o_proj": 0.0001638490578223919,
    "model.layers.0.self_attn.rotary_emb": NaN,
    "model.layers.0.mlp.gate_proj": 0.0012166232898317534,
    "model.layers.0.mlp.up_proj": 0.0015902306841707777,
    "model.layers.0.mlp.down_proj": 0.0011909980883543518,
    "model.layers.0.mlp.act_fn": 0.0002388810289317164,
    "model.layers.0.input_layernorm": 0.00026762279970892546,
    "model.layers.0.post_attention_layernorm": 0.00026800303623594085,
    "model.layers.1.self_attn.q_proj": 0.00015510704325533462,
    "model.layers.1.self_attn.k_proj": 0.00014017984784882645,
    "model.layers.1.self_attn.v_proj": 0.0007911715014227506,
    "model.layers.1.self_attn.o_proj": 0.00016417859614580526,
    "model.layers.1.self_attn.rotary_emb": NaN,
    "model.layers.1.mlp.gate_proj": 0.0012237272043337767,
    "model.layers.1.mlp.up_proj": 0.0015976545454441816,
    "model.layers.1.mlp.down_proj": 0.001199568140095678,
    "model.layers.1.mlp.act_fn": 0.0002380362872419686,
    "model.layers.1.input_layernorm": 0.00026366696960624606,
    "model.layers.1.post_attention_layernorm": 0.00026683629244223406,
    "model.layers.2.self_attn.q_proj": 0.00015623405061919113,
    "model.layers.2.self_attn.k_proj": 0.00014129246788463374,
    "model.layers.2.self_attn.v_proj": 0.0007989584714516826,
    "model.layers.2.self_attn.o_proj": 0.00016548647277656644,
    "model.layers.2.self_attn.rotary_emb": NaN,
    "model.layers.2.mlp.gate_proj": 0.0012345608623548486,
    "model.layers.2.mlp.up_proj": 0.001611197131803666,
    "model.layers.2.mlp.down_proj": 0.0012101051451145917,
    "model.layers.2.mlp.act_fn": 0.00023852408617392354,
    "model.layers.2.input_layernorm": 0.00026373685091391375,
    "model.layers.2.post_attention_layernorm": 0.00026748303709359,
    "model.layers.3.self_attn.q_proj": 0.00015691505081352145,
    "model.layers.3.self_attn.k_proj": 0.00014318816963283494,
    "model.layers.3.self_attn.v_proj": 0.0008025559885748502,
    "model.layers.3.self_attn.o_proj": 0.00016661553547300142,
    "model.layers.3.self_attn.rotary_emb": NaN,
    "model.layers.3.mlp.gate_proj": 0.001246863398058661,
    "model.layers.3.mlp.up_proj": 0.0016259016661808409,
    "model.layers.3.mlp.down_proj": 0.0012212251794749293,
    "model.layers.3.mlp.act_fn": 0.00023817467963558505,
    "model.layers.3.input_layernorm": 0.0002652399841396288,
    "model.layers.3.post_attention_layernorm": 0.00026784135007310185,
    "model.layers.4.self_attn.q_proj": 0.00015824485099178622,
    "model.layers.4.self_attn.k_proj": 0.00014330121292465035,
    "model.layers.4.self_attn.v_proj": 0.0008095030126900509,
    "model.layers.4.self_attn.o_proj": 0.00016670939566075117,
    "model.layers.4.self_attn.rotary_emb": NaN,
    "model.layers.4.mlp.gate_proj": 0.0012560363473563358,
    "model.layers.4.mlp.up_proj": 0.001632230720300784,
    "model.layers.4.mlp.down_proj": 0.0012328590469798822,
    "model.layers.4.mlp.act_fn": 0.00023897488911946615,
    "model.layers.4.input_layernorm": 0.0002637683660134502,
    "model.layers.4.post_attention_layernorm": 0.00026629642508495813,
    "model.layers.5.self_attn.q_proj": 0.00015863193862739652,
    "model.layers.5.self_attn.k_proj": 0.00014427749589941967,
    "model.layers.5.self_attn.v_proj": 0.0008191987015735144,
    "model.layers.5.self_attn.o_proj": 0.00016934501713719861,
    "model.layers.5.self_attn.rotary_emb": NaN,
    "model.layers.5.mlp.gate_proj": 0.001272009707045281,
    "model.layers.5.mlp.up_proj": 0.0016455472200766377,
    "model.layers.5.mlp.down_proj": 0.0012553053340692629,
    "model.layers.5.mlp.act_fn": 0.00023845831553141275,
    "model.layers.5.input_layernorm": 0.00026651017967311815,
    "model.layers.5.post_attention_layernorm": 0.00027148751006729303,
    "model.layers.6.self_attn.q_proj": 0.00015967330713381712,
    "model.layers.6.self_attn.k_proj": 0.00014432750899216225,
    "model.layers.6.self_attn.v_proj": 0.0008149962315614196,
    "model.layers.6.self_attn.o_proj": 0.00016774048750427947,
    "model.layers.6.self_attn.rotary_emb": NaN,
    "model.layers.6.mlp.gate_proj": 0.001253533637386629,
    "model.layers.6.mlp.up_proj": 0.0016166012862633015,
    "model.layers.6.mlp.down_proj": 0.0012182148023583423,
    "model.layers.6.mlp.act_fn": 0.00023901051488415948,
    "model.layers.6.input_layernorm": 0.00026598881030904836,
    "model.layers.6.post_attention_layernorm": 0.0002700686454772949,
    "model.layers.7.self_attn.q_proj": 0.00015693834458274403,
    "model.layers.7.self_attn.k_proj": 0.00014212967335492716,
    "model.layers.7.self_attn.v_proj": 0.0007987666404110262,
    "model.layers.7.self_attn.o_proj": 0.00016644288753641062,
    "model.layers.7.self_attn.rotary_emb": NaN,
    "model.layers.7.mlp.gate_proj": 0.001213291595722067,
    "model.layers.7.mlp.up_proj": 0.0015754638047053896,
    "model.layers.7.mlp.down_proj": 0.0011706674235990677,
    "model.layers.7.mlp.act_fn": 0.00024071507070256375,
    "model.layers.7.input_layernorm": 0.0002716402897889587,
    "model.layers.7.post_attention_layernorm": 0.00027701429937077666,
    "model.norm": 0.0002897943573436518,
    "lm_head": 0.0050754848567918795
}