{
  "algorithm_times": {
    "H_10": {
      "sgd": 6.205553221654311,
      "pipe_sgd": 3.7474662121121334,
      "localsgd": 0.6687122326605783,
      "pipe_seq_localsgd": 0.6514563767988941,
      "dream_ddp": 0.6277695398289013
    }
  },
  "speedups": {
    "H_10": {
      "over_pipe_sgd": 5.969493539195142,
      "over_localsgd": 1.065219304591994
    }
  }
}