{
    "model.embed_tokens": 0.09562144829676701,
    "model.layers.0.self_attn.q_proj": 0.004888369486882136,
    "model.layers.0.self_attn.k_proj": 0.0050873939807598405,
    "model.layers.0.self_attn.v_proj": 0.005380286620213435,
    "model.layers.0.self_attn.o_proj": 0.00539242304288424,
    "model.layers.0.self_attn.rotary_emb": 1.148077157827524e-05,
    "model.layers.0.mlp.gate_proj": 0.03565559478906485,
    "model.layers.0.mlp.up_proj": 0.033580468251154974,
    "model.layers.0.mlp.down_proj": 0.03143547589962299,
    "model.layers.0.mlp.act_fn": 1.2200612288254957e-05,
    "model.layers.0.input_layernorm": 0.0003438362708458534,
    "model.layers.0.post_attention_layernorm": 0.0001876996113703801,
    "model.layers.1.self_attn.q_proj": 0.004533199163583608,
    "model.layers.1.self_attn.k_proj": 0.00534742153607882,
    "model.layers.1.self_attn.v_proj": 0.005429799740131085,
    "model.layers.1.self_attn.o_proj": 0.0054163245054391716,
    "model.layers.1.self_attn.rotary_emb": 1.0756345895620492e-05,
    "model.layers.1.mlp.gate_proj": 0.033043962258559004,
    "model.layers.1.mlp.up_proj": 0.03555986972955557,
    "model.layers.1.mlp.down_proj": 0.03101354378920335,
    "model.layers.1.mlp.act_fn": 1.1645830594576322e-05,
    "model.layers.1.input_layernorm": 0.00035704557712261495,
    "model.layers.1.post_attention_layernorm": 0.0001738254840557392,
    "model.layers.2.self_attn.q_proj": 0.0045557801540081315,
    "model.layers.2.self_attn.k_proj": 0.00555731700016902,
    "model.layers.2.self_attn.v_proj": 0.005520357535435603,
    "model.layers.2.self_attn.o_proj": 0.005509312336261456,
    "model.layers.2.self_attn.rotary_emb": 1.0806780595045824e-05,
    "model.layers.2.mlp.gate_proj": 0.032818312828357406,
    "model.layers.2.mlp.up_proj": 0.03156775694627028,
    "model.layers.2.mlp.down_proj": 0.03062065289570735,
    "model.layers.2.mlp.act_fn": 1.1742115020751953e-05,
    "model.layers.2.input_layernorm": 0.0003894292391263522,
    "model.layers.2.post_attention_layernorm": 0.00017553109389085037,
    "model.layers.3.self_attn.q_proj": 0.004564312788156362,
    "model.layers.3.self_attn.k_proj": 0.005680226362668551,
    "model.layers.3.self_attn.v_proj": 0.005531398149637075,
    "model.layers.3.self_attn.o_proj": 0.005591575915996845,
    "model.layers.3.self_attn.rotary_emb": 1.0669231414794922e-05,
    "model.layers.3.mlp.gate_proj": 0.03318104377159706,
    "model.layers.3.mlp.up_proj": 0.03238616539881779,
    "model.layers.3.mlp.down_proj": 0.0340650906929603,
    "model.layers.3.mlp.act_fn": 1.1292787698599008e-05,
    "model.layers.3.input_layernorm": 0.0006529459586510292,
    "model.layers.3.post_attention_layernorm": 0.0001941827627328726,
    "model.layers.4.self_attn.q_proj": 0.004578324464651255,
    "model.layers.4.self_attn.k_proj": 0.005725104075211745,
    "model.layers.4.self_attn.v_proj": 0.005582300516275259,
    "model.layers.4.self_attn.o_proj": 0.005560200947981615,
    "model.layers.4.self_attn.rotary_emb": 1.0719666114220252e-05,
    "model.layers.4.mlp.gate_proj": 0.03313101254976713,
    "model.layers.4.mlp.up_proj": 0.03202303556295542,
    "model.layers.4.mlp.down_proj": 0.03084765489284809,
    "model.layers.4.mlp.act_fn": 1.139365709744967e-05,
    "model.layers.4.input_layernorm": 0.00047083542897151067,
    "model.layers.4.post_attention_layernorm": 0.00017574658760657677,
    "model.layers.5.self_attn.q_proj": 0.0045867837392366845,
    "model.layers.5.self_attn.k_proj": 0.005537221064934364,
    "model.layers.5.self_attn.v_proj": 0.005631089210510254,
    "model.layers.5.self_attn.o_proj": 0.005781306670262263,
    "model.layers.5.self_attn.rotary_emb": 1.0756345895620492e-05,
    "model.layers.5.mlp.gate_proj": 0.03219973123990572,
    "model.layers.5.mlp.up_proj": 0.031599934284503646,
    "model.layers.5.mlp.down_proj": 0.030654691732846774,
    "model.layers.5.mlp.act_fn": 1.1820059556227465e-05,
    "model.layers.5.input_layernorm": 0.00040643490277803864,
    "model.layers.5.post_attention_layernorm": 0.00017516429607684797,
    "model.layers.6.self_attn.q_proj": 0.004633577970358042,
    "model.layers.6.self_attn.k_proj": 0.005631396403679481,
    "model.layers.6.self_attn.v_proj": 0.005677727552560659,
    "model.layers.6.self_attn.o_proj": 0.005581897038679857,
    "model.layers.6.self_attn.rotary_emb": 1.0738006004920373e-05,
    "model.layers.6.mlp.gate_proj": 0.032816753937647894,
    "model.layers.6.mlp.up_proj": 0.031406595156742975,
    "model.layers.6.mlp.down_proj": 0.030424053852374736,
    "model.layers.6.mlp.act_fn": 1.151745135967548e-05,
    "model.layers.6.input_layernorm": 0.0004994777532724234,
    "model.layers.6.post_attention_layernorm": 0.00017335323187021108,
    "model.layers.7.self_attn.q_proj": 0.004594853291144738,
    "model.layers.7.self_attn.k_proj": 0.005543039395258977,
    "model.layers.7.self_attn.v_proj": 0.005864152541527381,
    "model.layers.7.self_attn.o_proj": 0.005564625446613018,
    "model.layers.7.self_attn.rotary_emb": 1.0793025677020733e-05,
    "model.layers.7.mlp.gate_proj": 0.03237051230210524,
    "model.layers.7.mlp.up_proj": 0.03179334677182711,
    "model.layers.7.mlp.down_proj": 0.030786009935232308,
    "model.layers.7.mlp.act_fn": 1.1641245621901293e-05,
    "model.layers.7.input_layernorm": 0.0004184108514052171,
    "model.layers.7.post_attention_layernorm": 0.00017579243733332708,
    "model.norm": 0.00017059307831984299,
    "lm_head": 0.08349620837431687
}