{
    "conv1": 7.201700794453523e-05,
    "bn1": 0.0005992821284702846,
    "layer1.0.conv1": 0.0011053377268265706,
    "layer1.0.bn1": 0.00046784050610600684,
    "layer1.0.conv2": 0.001101216491387815,
    "layer1.0.bn2": 0.00037337809192891023,
    "layer1.0.shortcut": 0.0003403206260836854,
    "layer1.1.conv1": 0.0011030265263148717,
    "layer1.1.bn1": 0.0004702538860087492,
    "layer1.1.conv2": 0.0011017517167694715,
    "layer1.1.bn2": 0.00037228331273915814,
    "layer1.1.shortcut": 0.00033975134090501435,
    "layer2.0.conv1": 0.0007556847163609096,
    "layer2.0.bn1": 0.00030736047394421635,
    "layer2.0.conv2": 0.000713942002276985,
    "layer2.0.bn2": 0.00024729845475177374,
    "layer2.0.shortcut.0": 0.0006497830760722258,
    "layer2.0.shortcut.1": 0.0003623913745490872,
    "layer2.1.conv1": 0.0007142290777089644,
    "layer2.1.bn1": 0.0003095111068414182,
    "layer2.1.conv2": 0.0007129299397371253,
    "layer2.1.bn2": 0.00024296312916035555,
    "layer2.1.shortcut": 0.00022114539632991868,
    "layer3.0.conv1": 0.000538879511307697,
    "layer3.0.bn1": 0.00028110037044603,
    "layer3.0.conv2": 0.0005952582067372847,
    "layer3.0.bn2": 0.00022513525826590403,
    "layer3.0.shortcut.0": 0.0003787254800601881,
    "layer3.0.shortcut.1": 0.00032220081407196666,
    "layer3.1.conv1": 0.0005949905940464564,
    "layer3.1.bn1": 0.0002805408166379345,
    "layer3.1.conv2": 0.0005931513650076729,
    "layer3.1.bn2": 0.00022052745429836974,
    "layer3.1.shortcut": 0.0001976490020751953,
    "layer4.0.conv1": 0.0004088100121945751,
    "layer4.0.bn1": 0.0002767893732810507,
    "layer4.0.conv2": 0.00062446691551987,
    "layer4.0.bn2": 0.0002272664284219547,
    "layer4.0.shortcut.0": 0.0003527086608263911,
    "layer4.0.shortcut.1": 0.0003277963521529217,
    "layer4.1.conv1": 0.0006260336661825374,
    "layer4.1.bn1": 0.00028672510263871176,
    "layer4.1.conv2": 0.0006411805444834184,
    "layer4.1.bn2": 0.00023350910264618543,
    "layer4.1.shortcut": 0.0002669168978321309,
    "linear": 0.0006725885430160834
}