{
    "transformer.wte": 7.645343912058863e-05,
    "transformer.wpe": 2.956225954253098e-05,
    "transformer.drop": 6.35015553441541e-05,
    "transformer.h.0.ln_1": 7.7163762059705e-05,
    "transformer.h.0.attn.c_attn": 0.0019153611413363753,
    "transformer.h.0.attn.c_proj": 0.0002556340447787581,
    "transformer.h.0.attn.attn_dropout": 0.0006732398066027412,
    "transformer.h.0.attn.resid_dropout": 6.6290230586611e-05,
    "transformer.h.0.ln_2": 7.437179828512257e-05,
    "transformer.h.0.mlp.c_fc": 0.0006446953477530643,
    "transformer.h.0.mlp.c_proj": 0.0006419625775567416,
    "transformer.h.0.mlp.act": 0.0005784034729003906,
    "transformer.h.0.mlp.dropout": 6.896051867254849e-05,
    "transformer.h.1.ln_1": 7.756003018083244e-05,
    "transformer.h.1.attn.c_attn": 0.0019153644298685007,
    "transformer.h.1.attn.c_proj": 0.0002559135700094289,
    "transformer.h.1.attn.attn_dropout": 0.000675622348127694,
    "transformer.h.1.attn.resid_dropout": 6.758262371194774e-05,
    "transformer.h.1.ln_2": 7.454280195565059e-05,
    "transformer.h.1.mlp.c_fc": 0.0006451804062415814,
    "transformer.h.1.mlp.c_proj": 0.0006492137908935547,
    "transformer.h.1.mlp.act": 0.0005810721167202654,
    "transformer.h.1.mlp.dropout": 7.360392603380927e-05,
    "transformer.h.2.ln_1": 9.291418667497306e-05,
    "transformer.h.2.attn.c_attn": 0.0019278608519455482,
    "transformer.h.2.attn.c_proj": 0.00026184114916571257,
    "transformer.h.2.attn.attn_dropout": 0.0006814890894396552,
    "transformer.h.2.attn.resid_dropout": 7.100105285644532e-05,
    "transformer.h.2.ln_2": 8.197652882543104e-05,
    "transformer.h.2.mlp.c_fc": 0.0006461488789525525,
    "transformer.h.2.mlp.c_proj": 0.0006424624344398235,
    "transformer.h.2.mlp.act": 0.0005785892749654836,
    "transformer.h.2.mlp.dropout": 6.796244917244747e-05,
    "transformer.h.3.ln_1": 7.660306733230065e-05,
    "transformer.h.3.attn.c_attn": 0.0019146639725257611,
    "transformer.h.3.attn.c_proj": 0.00025603853423019935,
    "transformer.h.3.attn.attn_dropout": 0.0006725640132509429,
    "transformer.h.3.attn.resid_dropout": 6.635271269699623e-05,
    "transformer.h.3.ln_2": 9.034419881886449e-05,
    "transformer.h.3.mlp.c_fc": 0.0006458183814739359,
    "transformer.h.3.mlp.c_proj": 0.0006423489800814925,
    "transformer.h.3.mlp.act": 0.0005814354995201374,
    "transformer.h.3.mlp.dropout": 6.796738197063578e-05,
    "transformer.h.4.ln_1": 7.71160783438847e-05,
    "transformer.h.4.attn.c_attn": 0.0019141049220644194,
    "transformer.h.4.attn.c_proj": 0.0002541130986706964,
    "transformer.h.4.attn.attn_dropout": 0.0006728435384816137,
    "transformer.h.4.attn.resid_dropout": 6.561279296875e-05,
    "transformer.h.4.ln_2": 7.069850790089575e-05,
    "transformer.h.4.mlp.c_fc": 0.0006428899436161436,
    "transformer.h.4.mlp.c_proj": 0.0006440721709152748,
    "transformer.h.4.mlp.act": 0.000578122303403657,
    "transformer.h.4.mlp.dropout": 6.778486843766838e-05,
    "transformer.h.5.ln_1": 7.80401558711611e-05,
    "transformer.h.5.attn.c_attn": 0.001914570249360183,
    "transformer.h.5.attn.c_proj": 0.00025513089936355065,
    "transformer.h.5.attn.attn_dropout": 0.0006729964552254512,
    "transformer.h.5.attn.resid_dropout": 6.734749366497171e-05,
    "transformer.h.5.ln_2": 7.285414070918643e-05,
    "transformer.h.5.mlp.c_fc": 0.0006436232862801388,
    "transformer.h.5.mlp.c_proj": 0.0006419609332906789,
    "transformer.h.5.mlp.act": 0.00057841498276283,
    "transformer.h.5.mlp.dropout": 6.739188884866648e-05,
    "transformer.h.6.ln_1": 7.710950127963362e-05,
    "transformer.h.6.attn.c_attn": 0.0019145982018832503,
    "transformer.h.6.attn.c_proj": 0.00025469681312297954,
    "transformer.h.6.attn.attn_dropout": 0.0006722828437542094,
    "transformer.h.6.attn.resid_dropout": 6.642670466982086e-05,
    "transformer.h.6.ln_2": 7.17113757955617e-05,
    "transformer.h.6.mlp.c_fc": 0.0006437827800882274,
    "transformer.h.6.mlp.c_proj": 0.0006417044277848868,
    "transformer.h.6.mlp.act": 0.0005810606068578259,
    "transformer.h.6.mlp.dropout": 6.744943816086341e-05,
    "transformer.h.7.ln_1": 7.538137764766298e-05,
    "transformer.h.7.attn.c_attn": 0.0019134801009605671,
    "transformer.h.7.attn.c_proj": 0.0002544304420208109,
    "transformer.h.7.attn.attn_dropout": 0.0006725360607278758,
    "transformer.h.7.attn.resid_dropout": 6.590547232792295e-05,
    "transformer.h.7.ln_2": 7.031703817433324e-05,
    "transformer.h.7.mlp.c_fc": 0.0006420628777865705,
    "transformer.h.7.mlp.c_proj": 0.0006437893571524785,
    "transformer.h.7.mlp.act": 0.0005776684859703327,
    "transformer.h.7.mlp.dropout": 6.724226063695447e-05,
    "transformer.h.8.ln_1": 7.435206709236935e-05,
    "transformer.h.8.attn.c_attn": 0.0019138138869713092,
    "transformer.h.8.attn.c_proj": 0.0002544090665619949,
    "transformer.h.8.attn.attn_dropout": 0.0006722959978827115,
    "transformer.h.8.attn.resid_dropout": 6.612415971427129e-05,
    "transformer.h.8.ln_2": 7.053736982674435e-05,
    "transformer.h.8.mlp.c_fc": 0.0006462541119805698,
    "transformer.h.8.mlp.c_proj": 0.0006420974073738887,
    "transformer.h.8.mlp.act": 0.0005786205160206762,
    "transformer.h.8.mlp.dropout": 6.74823234821188e-05,
    "transformer.h.9.ln_1": 7.505910149936019e-05,
    "transformer.h.9.attn.c_attn": 0.0019138073099070581,
    "transformer.h.9.attn.c_proj": 0.00025493358743601833,
    "transformer.h.9.attn.attn_dropout": 0.000672399586644666,
    "transformer.h.9.attn.resid_dropout": 6.820580054973734e-05,
    "transformer.h.9.ln_2": 7.632025356950432e-05,
    "transformer.h.9.mlp.c_fc": 0.0006454237576188712,
    "transformer.h.9.mlp.c_proj": 0.0006441642498147899,
    "transformer.h.9.mlp.act": 0.00057841498276283,
    "transformer.h.9.mlp.dropout": 8.431303090062634e-05,
    "transformer.h.10.ln_1": 7.62133762754243e-05,
    "transformer.h.10.attn.c_attn": 0.0019145521624334928,
    "transformer.h.10.attn.c_proj": 0.00025455047344339303,
    "transformer.h.10.attn.attn_dropout": 0.0006728451827476764,
    "transformer.h.10.attn.resid_dropout": 6.608305306270204e-05,
    "transformer.h.10.ln_2": 7.188237946608971e-05,
    "transformer.h.10.mlp.c_fc": 0.0006440211986673289,
    "transformer.h.10.mlp.c_proj": 0.0006428504812306371,
    "transformer.h.10.mlp.act": 0.0005783886745058258,
    "transformer.h.10.mlp.dropout": 6.872045582738416e-05,
    "transformer.h.11.ln_1": 7.696316160004715e-05,
    "transformer.h.11.attn.c_attn": 0.0019156077812457907,
    "transformer.h.11.attn.c_proj": 0.00025614212299215384,
    "transformer.h.11.attn.attn_dropout": 0.0006769903774919181,
    "transformer.h.11.attn.resid_dropout": 6.873854275407463e-05,
    "transformer.h.11.ln_2": 7.427643085348195e-05,
    "transformer.h.11.mlp.c_fc": 0.0006459285473001414,
    "transformer.h.11.mlp.c_proj": 0.0006476517381339237,
    "transformer.h.11.mlp.act": 0.0005812940926387392,
    "transformer.h.11.mlp.dropout": 6.45917037437702e-05,
    "transformer.ln_f": 0.00011189394983752021,
    "lm_head": 0.02851992804428627
}