{
    "transformer.wte": 8.843696280701519e-05,
    "transformer.wpe": 3.087030698175299e-05,
    "transformer.drop": 7.009179624792647e-05,
    "transformer.h.0.ln_1": 8.621607741264448e-05,
    "transformer.h.0.attn.c_attn": 0.001681001219030929,
    "transformer.h.0.attn.c_proj": 0.0002100108421012147,
    "transformer.h.0.attn.attn_dropout": 0.0005862582219790106,
    "transformer.h.0.attn.resid_dropout": 6.776313259177012e-05,
    "transformer.h.0.ln_2": 7.251190812620398e-05,
    "transformer.h.0.mlp.c_fc": 0.0005289005906614539,
    "transformer.h.0.mlp.c_proj": 0.0005274047590281865,
    "transformer.h.0.mlp.act": 0.000570633640028026,
    "transformer.h.0.mlp.dropout": 6.91969100743124e-05,
    "transformer.h.1.ln_1": 7.57844480749679e-05,
    "transformer.h.1.attn.c_attn": 0.001676219783417166,
    "transformer.h.1.attn.c_proj": 0.00020957646304613925,
    "transformer.h.1.attn.attn_dropout": 0.0005859054931222576,
    "transformer.h.1.attn.resid_dropout": 6.683558633882705e-05,
    "transformer.h.1.ln_2": 7.121203696891053e-05,
    "transformer.h.1.mlp.c_fc": 0.0005270585621872994,
    "transformer.h.1.mlp.c_proj": 0.0005277770839325369,
    "transformer.h.1.mlp.act": 0.000570695694178751,
    "transformer.h.1.mlp.dropout": 6.84849203449406e-05,
    "transformer.h.2.ln_1": 7.772445678710938e-05,
    "transformer.h.2.attn.c_attn": 0.0016778201273042863,
    "transformer.h.2.attn.c_proj": 0.00021074895989404966,
    "transformer.h.2.attn.attn_dropout": 0.0005868754974783283,
    "transformer.h.2.attn.resid_dropout": 6.698255669580747e-05,
    "transformer.h.2.ln_2": 7.105200258019853e-05,
    "transformer.h.2.mlp.c_fc": 0.0005292729155658043,
    "transformer.h.2.mlp.c_proj": 0.0005285086697095061,
    "transformer.h.2.mlp.act": 0.0005714730040667808,
    "transformer.h.2.mlp.dropout": 6.837387607522207e-05,
    "transformer.h.3.ln_1": 7.593141843194831e-05,
    "transformer.h.3.attn.c_attn": 0.0016802141111191004,
    "transformer.h.3.attn.c_proj": 0.0002111964029808567,
    "transformer.h.3.attn.attn_dropout": 0.0005875548271283711,
    "transformer.h.3.attn.resid_dropout": 6.67670001722362e-05,
    "transformer.h.3.ln_2": 8.193107500468215e-05,
    "transformer.h.3.mlp.c_fc": 0.0005288940586455881,
    "transformer.h.3.mlp.c_proj": 0.0005287274922410103,
    "transformer.h.3.mlp.act": 0.0005713848218525926,
    "transformer.h.3.mlp.dropout": 6.795582705981111e-05,
    "transformer.h.4.ln_1": 7.557868957519531e-05,
    "transformer.h.4.attn.c_attn": 0.0016809652929436671,
    "transformer.h.4.attn.c_proj": 0.00021063464961639823,
    "transformer.h.4.attn.attn_dropout": 0.0005872282263350813,
    "transformer.h.4.attn.resid_dropout": 6.774353654417273e-05,
    "transformer.h.4.ln_2": 7.261968638798962e-05,
    "transformer.h.4.mlp.c_fc": 0.0005320588203325664,
    "transformer.h.4.mlp.c_proj": 0.0005339694349733117,
    "transformer.h.4.mlp.act": 0.0005738212637705346,
    "transformer.h.4.mlp.dropout": 7.433760656069402e-05,
    "transformer.h.5.ln_1": 8.3250542209573e-05,
    "transformer.h.5.attn.c_attn": 0.0016857140684781008,
    "transformer.h.5.attn.c_proj": 0.00022071028408938891,
    "transformer.h.5.attn.attn_dropout": 0.0005954422362863201,
    "transformer.h.5.attn.resid_dropout": 7.750236824767231e-05,
    "transformer.h.5.ln_2": 8.1839626782561e-05,
    "transformer.h.5.mlp.c_fc": 0.0005377808662310039,
    "transformer.h.5.mlp.c_proj": 0.0005369088421129201,
    "transformer.h.5.mlp.act": 0.0005757678044985418,
    "transformer.h.5.mlp.dropout": 7.850176667513913e-05,
    "transformer.h.6.ln_1": 8.717301773698362e-05,
    "transformer.h.6.attn.c_attn": 0.0016894111894581415,
    "transformer.h.6.attn.c_proj": 0.0002212557074141829,
    "transformer.h.6.attn.attn_dropout": 0.0005965820730549016,
    "transformer.h.6.attn.resid_dropout": 7.68230385976295e-05,
    "transformer.h.6.ln_2": 8.126154337843804e-05,
    "transformer.h.6.mlp.c_fc": 0.0005390121512217064,
    "transformer.h.6.mlp.c_proj": 0.0005381891172226162,
    "transformer.h.6.mlp.act": 0.0005762968977836713,
    "transformer.h.6.mlp.dropout": 7.944890897567959e-05,
    "transformer.h.7.ln_1": 8.655900824559878e-05,
    "transformer.h.7.attn.c_attn": 0.0016943428614368177,
    "transformer.h.7.attn.c_proj": 0.0002215855742154056,
    "transformer.h.7.attn.attn_dropout": 0.000598714776235084,
    "transformer.h.7.attn.resid_dropout": 7.68165065817637e-05,
    "transformer.h.7.ln_2": 8.049076550627408e-05,
    "transformer.h.7.mlp.c_fc": 0.0005396653528082861,
    "transformer.h.7.mlp.c_proj": 0.0005410828002511639,
    "transformer.h.7.mlp.act": 0.0005750688788009016,
    "transformer.h.7.mlp.dropout": 7.886429355569082e-05,
    "transformer.h.8.ln_1": 8.605277701599957e-05,
    "transformer.h.8.attn.c_attn": 0.0016952116195469687,
    "transformer.h.8.attn.c_proj": 0.00022163456433439908,
    "transformer.h.8.attn.attn_dropout": 0.0005986298600288287,
    "transformer.h.8.attn.resid_dropout": 7.661074808199112e-05,
    "transformer.h.8.ln_2": 8.061487380772421e-05,
    "transformer.h.8.mlp.c_fc": 0.0005406582192198871,
    "transformer.h.8.mlp.c_proj": 0.000538450397857248,
    "transformer.h.8.mlp.act": 0.0005749970266263779,
    "transformer.h.8.mlp.dropout": 7.666300420891748e-05,
    "transformer.h.9.ln_1": 8.350855683627194e-05,
    "transformer.h.9.attn.c_attn": 0.001696838091497552,
    "transformer.h.9.attn.c_proj": 0.00022305201177727686,
    "transformer.h.9.attn.attn_dropout": 0.0005990185149728435,
    "transformer.h.9.attn.resid_dropout": 7.659768405025952e-05,
    "transformer.h.9.ln_2": 8.087615444235606e-05,
    "transformer.h.9.mlp.c_fc": 0.0005404524607201145,
    "transformer.h.9.mlp.c_proj": 0.0005405406429343027,
    "transformer.h.9.mlp.act": 0.0005757286124033471,
    "transformer.h.9.mlp.dropout": 8.789153948222121e-05,
    "transformer.h.10.ln_1": 8.639897385688677e-05,
    "transformer.h.10.attn.c_attn": 0.001696743377267498,
    "transformer.h.10.attn.c_proj": 0.00022223224378611943,
    "transformer.h.10.attn.attn_dropout": 0.0005995574062817717,
    "transformer.h.10.attn.resid_dropout": 7.805432358833208e-05,
    "transformer.h.10.ln_2": 8.316562600331763e-05,
    "transformer.h.10.mlp.c_fc": 0.0005400148156571062,
    "transformer.h.10.mlp.c_proj": 0.0005467329939750776,
    "transformer.h.10.mlp.act": 0.0005768488531243311,
    "transformer.h.10.mlp.dropout": 0.00010938513768862371,
    "transformer.h.11.ln_1": 0.00012708036866906572,
    "transformer.h.11.attn.c_attn": 0.001744342176881555,
    "transformer.h.11.attn.c_proj": 0.0003734353470475706,
    "transformer.h.11.attn.attn_dropout": 0.0006884646742311242,
    "transformer.h.11.attn.resid_dropout": 0.00022553744381421232,
    "transformer.h.11.ln_2": 0.00023590048698529805,
    "transformer.h.11.mlp.c_fc": 0.0006365939362408363,
    "transformer.h.11.mlp.c_proj": 0.0007418214458308808,
    "transformer.h.11.mlp.act": 0.000702351739961807,
    "transformer.h.11.mlp.dropout": 0.00020478196340064479,
    "transformer.ln_f": 0.0003153918540641053,
    "lm_head": 0.009633612959352259
}