{
    "transformer.wte": 7.354070062506689e-05,
    "transformer.wpe": 3.166394690944724e-05,
    "transformer.drop": 7.174439626197292e-05,
    "transformer.h.0.ln_1": 9.01548829797196e-05,
    "transformer.h.0.attn.c_attn": 0.0016867395949690309,
    "transformer.h.0.attn.c_proj": 0.0002132735840261799,
    "transformer.h.0.attn.attn_dropout": 0.0005921794943613549,
    "transformer.h.0.attn.resid_dropout": 6.912505789978863e-05,
    "transformer.h.0.ln_2": 7.47295275126418e-05,
    "transformer.h.0.mlp.c_fc": 0.0005331006768631609,
    "transformer.h.0.mlp.c_proj": 0.0005312978404842011,
    "transformer.h.0.mlp.act": 0.0005723025700817369,
    "transformer.h.0.mlp.dropout": 7.165948005571758e-05,
    "transformer.h.1.ln_1": 7.864220501625374e-05,
    "transformer.h.1.attn.c_attn": 0.0016878108455710215,
    "transformer.h.1.attn.c_proj": 0.00021401496782694776,
    "transformer.h.1.attn.attn_dropout": 0.0005940705129545029,
    "transformer.h.1.attn.resid_dropout": 6.974233339910637e-05,
    "transformer.h.1.ln_2": 7.468706940951413e-05,
    "transformer.h.1.mlp.c_fc": 0.000533864922719459,
    "transformer.h.1.mlp.c_proj": 0.0005329471744903146,
    "transformer.h.1.mlp.act": 0.0005729067815493231,
    "transformer.h.1.mlp.dropout": 7.165948005571758e-05,
    "transformer.h.2.ln_1": 7.833846627849422e-05,
    "transformer.h.2.attn.c_attn": 0.001691707193034969,
    "transformer.h.2.attn.c_proj": 0.00021450813502481538,
    "transformer.h.2.attn.attn_dropout": 0.0005950731773899026,
    "transformer.h.2.attn.resid_dropout": 6.985664367675781e-05,
    "transformer.h.2.ln_2": 7.476218759197078e-05,
    "transformer.h.2.mlp.c_fc": 0.0005363209606849984,
    "transformer.h.2.mlp.c_proj": 0.0005340118930764394,
    "transformer.h.2.mlp.act": 0.0005733313625805998,
    "transformer.h.2.mlp.dropout": 7.207426306319563e-05,
    "transformer.h.3.ln_1": 7.863240699245505e-05,
    "transformer.h.3.attn.c_attn": 0.0016937745760564934,
    "transformer.h.3.attn.c_proj": 0.00021652326191941353,
    "transformer.h.3.attn.attn_dropout": 0.0005957427090161467,
    "transformer.h.3.attn.resid_dropout": 7.014731838278574e-05,
    "transformer.h.3.ln_2": 8.769231299831443e-05,
    "transformer.h.3.mlp.c_fc": 0.0005369219061446516,
    "transformer.h.3.mlp.c_proj": 0.0005352693061306052,
    "transformer.h.3.mlp.act": 0.0005733085005250695,
    "transformer.h.3.mlp.dropout": 7.149291365113977e-05,
    "transformer.h.4.ln_1": 7.95926133247271e-05,
    "transformer.h.4.attn.c_attn": 0.0016962306140220328,
    "transformer.h.4.attn.c_proj": 0.0002157198239679206,
    "transformer.h.4.attn.attn_dropout": 0.0005970687082369033,
    "transformer.h.4.attn.resid_dropout": 7.001994407340271e-05,
    "transformer.h.4.ln_2": 7.485036980615903e-05,
    "transformer.h.4.mlp.c_fc": 0.0005376077678105602,
    "transformer.h.4.mlp.c_proj": 0.0005367390097004094,
    "transformer.h.4.mlp.act": 0.0005736677613976883,
    "transformer.h.4.mlp.dropout": 7.184890851582566e-05,
    "transformer.h.5.ln_1": 7.870099315904592e-05,
    "transformer.h.5.attn.c_attn": 0.0016989903907253317,
    "transformer.h.5.attn.c_proj": 0.00021652326191941353,
    "transformer.h.5.attn.attn_dropout": 0.0005990283129966422,
    "transformer.h.5.attn.resid_dropout": 7.015711640658444e-05,
    "transformer.h.5.ln_2": 7.480137968716556e-05,
    "transformer.h.5.mlp.c_fc": 0.0005398384512287297,
    "transformer.h.5.mlp.c_proj": 0.0005382348413336767,
    "transformer.h.5.mlp.act": 0.000573742879580145,
    "transformer.h.5.mlp.dropout": 7.182604646029538e-05,
    "transformer.h.6.ln_1": 7.83711263578232e-05,
    "transformer.h.6.attn.c_attn": 0.0017070019081847309,
    "transformer.h.6.attn.c_proj": 0.00021797663544955318,
    "transformer.h.6.attn.attn_dropout": 0.0006010369078753746,
    "transformer.h.6.attn.resid_dropout": 7.010486027965808e-05,
    "transformer.h.6.ln_2": 7.427881841790186e-05,
    "transformer.h.6.mlp.c_fc": 0.0005424022674560547,
    "transformer.h.6.mlp.c_proj": 0.0005403642785059262,
    "transformer.h.6.mlp.act": 0.0005740988744448309,
    "transformer.h.6.mlp.dropout": 7.236820377715647e-05,
    "transformer.h.7.ln_1": 7.818169789771511e-05,
    "transformer.h.7.attn.c_attn": 0.0017087328923891668,
    "transformer.h.7.attn.c_proj": 0.00021791784730676103,
    "transformer.h.7.attn.attn_dropout": 0.0006005045485823121,
    "transformer.h.7.attn.resid_dropout": 7.0555569374398e-05,
    "transformer.h.7.ln_2": 7.383790734696062e-05,
    "transformer.h.7.mlp.c_fc": 0.0005414551251555142,
    "transformer.h.7.mlp.c_proj": 0.000542425129511585,
    "transformer.h.7.mlp.act": 0.0005730014957793771,
    "transformer.h.7.mlp.dropout": 7.223103144397474e-05,
    "transformer.h.8.ln_1": 7.885122952395923e-05,
    "transformer.h.8.attn.c_attn": 0.0017080731587867215,
    "transformer.h.8.attn.c_proj": 0.0002170784832680062,
    "transformer.h.8.attn.attn_dropout": 0.0006006482529313597,
    "transformer.h.8.attn.resid_dropout": 7.02224365652424e-05,
    "transformer.h.8.ln_2": 7.365501090271832e-05,
    "transformer.h.8.mlp.c_fc": 0.0005408345836482636,
    "transformer.h.8.mlp.c_proj": 0.0005400082836412404,
    "transformer.h.8.mlp.act": 0.0005730243578349074,
    "transformer.h.8.mlp.dropout": 7.242372591201573e-05,
    "transformer.h.9.ln_1": 7.875324928597229e-05,
    "transformer.h.9.attn.c_attn": 0.0017086022520718508,
    "transformer.h.9.attn.c_proj": 0.00021633056745137255,
    "transformer.h.9.attn.attn_dropout": 0.0005993810418533953,
    "transformer.h.9.attn.resid_dropout": 7.00330081051343e-05,
    "transformer.h.9.ln_2": 7.417104015611623e-05,
    "transformer.h.9.mlp.c_fc": 0.0005398155891731994,
    "transformer.h.9.mlp.c_proj": 0.0005382936294764689,
    "transformer.h.9.mlp.act": 0.0005733672886678617,
    "transformer.h.9.mlp.dropout": 8.84336967990823e-05,
    "transformer.h.10.ln_1": 7.903412596820152e-05,
    "transformer.h.10.attn.c_attn": 0.0016976905195680383,
    "transformer.h.10.attn.c_proj": 0.00021376021920818173,
    "transformer.h.10.attn.attn_dropout": 0.0005953409900404002,
    "transformer.h.10.attn.resid_dropout": 7.008853023999358e-05,
    "transformer.h.10.ln_2": 7.471646348091021e-05,
    "transformer.h.10.mlp.c_fc": 0.0005348447250993285,
    "transformer.h.10.mlp.c_proj": 0.0005331725290376846,
    "transformer.h.10.mlp.act": 0.0005735926432152317,
    "transformer.h.10.mlp.dropout": 7.348517849020762e-05,
    "transformer.h.11.ln_1": 7.962200739612317e-05,
    "transformer.h.11.attn.c_attn": 0.0016860569993110551,
    "transformer.h.11.attn.c_proj": 0.00021269550062205693,
    "transformer.h.11.attn.attn_dropout": 0.0005954618323339175,
    "transformer.h.11.attn.resid_dropout": 7.260335634832512e-05,
    "transformer.h.11.ln_2": 7.723455559717466e-05,
    "transformer.h.11.mlp.c_fc": 0.0005327838740936697,
    "transformer.h.11.mlp.c_proj": 0.0005331170069028254,
    "transformer.h.11.mlp.act": 0.0005752909673403387,
    "transformer.h.11.mlp.dropout": 6.622157684744221e-05,
    "transformer.ln_f": 0.00010586764714489245,
    "lm_head": 0.009624379954925955
}