{
    "model.embed_tokens": 4.805367568443562e-05,
    "model.layers.0.self_attn.q_proj": 0.00015963905159084276,
    "model.layers.0.self_attn.k_proj": 0.00014390205514842067,
    "model.layers.0.self_attn.v_proj": 0.0007896190402151525,
    "model.layers.0.self_attn.o_proj": 0.00016752330736182202,
    "model.layers.0.self_attn.rotary_emb": NaN,
    "model.layers.0.mlp.gate_proj": 0.0012148043204998147,
    "model.layers.0.mlp.up_proj": 0.0015855479514461823,
    "model.layers.0.mlp.down_proj": 0.001189066075730598,
    "model.layers.0.mlp.act_fn": 0.0002399011590014929,
    "model.layers.0.input_layernorm": 0.0002877260076588598,
    "model.layers.0.post_attention_layernorm": 0.00028484306116213743,
    "model.layers.1.self_attn.q_proj": 0.00015835378361844468,
    "model.layers.1.self_attn.k_proj": 0.00014262911917149336,
    "model.layers.1.self_attn.v_proj": 0.0007955712833623776,
    "model.layers.1.self_attn.o_proj": 0.00017018290771835152,
    "model.layers.1.self_attn.rotary_emb": NaN,
    "model.layers.1.mlp.gate_proj": 0.00122000842258848,
    "model.layers.1.mlp.up_proj": 0.0015939652234658428,
    "model.layers.1.mlp.down_proj": 0.0011968544159812488,
    "model.layers.1.mlp.act_fn": 0.00024059586141301297,
    "model.layers.1.input_layernorm": 0.000277342467472471,
    "model.layers.1.post_attention_layernorm": 0.0002869353897270115,
    "model.layers.2.self_attn.q_proj": 0.00015948969742347454,
    "model.layers.2.self_attn.k_proj": 0.00014315391408986058,
    "model.layers.2.self_attn.v_proj": 0.0007982199219451554,
    "model.layers.2.self_attn.o_proj": 0.00016887023531157394,
    "model.layers.2.self_attn.rotary_emb": NaN,
    "model.layers.2.mlp.gate_proj": 0.001229784954553363,
    "model.layers.2.mlp.up_proj": 0.001603999357113893,
    "model.layers.2.mlp.down_proj": 0.001206241804977943,
    "model.layers.2.mlp.act_fn": 0.00023988197589742727,
    "model.layers.2.input_layernorm": 0.00027826599691105987,
    "model.layers.2.post_attention_layernorm": 0.0002842579764881353,
    "model.layers.3.self_attn.q_proj": 0.00015982814218806125,
    "model.layers.3.self_attn.k_proj": 0.00014357594237930473,
    "model.layers.3.self_attn.v_proj": 0.0008023662128667722,
    "model.layers.3.self_attn.o_proj": 0.00016842354303118825,
    "model.layers.3.self_attn.rotary_emb": NaN,
    "model.layers.3.mlp.gate_proj": 0.0012402863338075835,
    "model.layers.3.mlp.up_proj": 0.0016215286035647337,
    "model.layers.3.mlp.down_proj": 0.0012197549315704696,
    "model.layers.3.mlp.act_fn": 0.00024013409669371857,
    "model.layers.3.input_layernorm": 0.0002790004357524302,
    "model.layers.3.post_attention_layernorm": 0.0002811009856476181,
    "model.layers.4.self_attn.q_proj": 0.00016017069761780487,
    "model.layers.4.self_attn.k_proj": 0.00014432682388130277,
    "model.layers.4.self_attn.v_proj": 0.0008080608543308302,
    "model.layers.4.self_attn.o_proj": 0.00017011850729755973,
    "model.layers.4.self_attn.rotary_emb": NaN,
    "model.layers.4.mlp.gate_proj": 0.0012505081878311332,
    "model.layers.4.mlp.up_proj": 0.0016232975598039299,
    "model.layers.4.mlp.down_proj": 0.0012289628215219784,
    "model.layers.4.mlp.act_fn": 0.00023989156744946009,
    "model.layers.4.input_layernorm": 0.0002777946406397326,
    "model.layers.4.post_attention_layernorm": 0.00028225882300015156,
    "model.layers.5.self_attn.q_proj": 0.00016164368596570245,
    "model.layers.5.self_attn.k_proj": 0.00014503796895345053,
    "model.layers.5.self_attn.v_proj": 0.0008160410256221376,
    "model.layers.5.self_attn.o_proj": 0.00017065563421139773,
    "model.layers.5.self_attn.rotary_emb": NaN,
    "model.layers.5.mlp.gate_proj": 0.001265779308889104,
    "model.layers.5.mlp.up_proj": 0.001639779956861474,
    "model.layers.5.mlp.down_proj": 0.0012539830701104526,
    "model.layers.5.mlp.act_fn": 0.00024008065804667855,
    "model.layers.5.input_layernorm": 0.00027796728857632343,
    "model.layers.5.post_attention_layernorm": 0.00028236433007251257,
    "model.layers.6.self_attn.q_proj": 0.0001622534346306461,
    "model.layers.6.self_attn.k_proj": 0.00014520787644660337,
    "model.layers.6.self_attn.v_proj": 0.0008185170162683246,
    "model.layers.6.self_attn.o_proj": 0.00017103655584927262,
    "model.layers.6.self_attn.rotary_emb": NaN,
    "model.layers.6.mlp.gate_proj": 0.0012576758176430889,
    "model.layers.6.mlp.up_proj": 0.0016154694831234284,
    "model.layers.6.mlp.down_proj": 0.0012105717056099027,
    "model.layers.6.mlp.act_fn": 0.00024237440920424187,
    "model.layers.6.input_layernorm": 0.00027992396519101897,
    "model.layers.6.post_attention_layernorm": 0.00028821106614737677,
    "model.layers.7.self_attn.q_proj": 0.00015977333331930227,
    "model.layers.7.self_attn.k_proj": 0.00014291549551075902,
    "model.layers.7.self_attn.v_proj": 0.0008077826993218783,
    "model.layers.7.self_attn.o_proj": 0.0001707584008403208,
    "model.layers.7.self_attn.rotary_emb": NaN,
    "model.layers.7.mlp.gate_proj": 0.0012145521997035235,
    "model.layers.7.mlp.up_proj": 0.001574827336716926,
    "model.layers.7.mlp.down_proj": 0.001173746996912463,
    "model.layers.7.mlp.act_fn": 0.0002448065527554216,
    "model.layers.7.input_layernorm": 0.0002885563620205583,
    "model.layers.7.post_attention_layernorm": 0.00029737647922559716,
    "model.norm": 0.0003325555516385484,
    "lm_head": 0.005166822466357001
}