{
  "algorithm_times": {
    "H_10": {
      "sgd": 6.508174975814936,
      "pipe_sgd": 3.930225181311925,
      "localsgd": 0.7013430636967212,
      "pipe_seq_localsgd": 0.679869634557199,
      "dream_ddp": 0.6531606887271947
    }
  },
  "speedups": {
    "H_10": {
      "over_pipe_sgd": 6.017240855340975,
      "over_localsgd": 1.0737680264613274
    }
  }
}