{
  "algorithm_times": {
    "H_10": {
      "sgd": 0.29482603237546007,
      "pipe_sgd": 0.2023124980926524,
      "localsgd": 0.08643929640342397,
      "pipe_seq_localsgd": 0.07112891966842776,
      "dream_ddp": 0.06936706362842816
    }
  },
  "speedups": {
    "H_10": {
      "over_pipe_sgd": 2.9165498366250615,
      "over_localsgd": 1.246114393229112
    }
  }
}