{
  "algorithm_times": {
    "H_10": {
      "sgd": 0.29983069567845055,
      "pipe_sgd": 0.20176586858156945,
      "localsgd": 0.07893967264274168,
      "pipe_seq_localsgd": 0.06139922593626511,
      "dream_ddp": 0.059135673266265516
    }
  },
  "speedups": {
    "H_10": {
      "over_pipe_sgd": 3.4119146267785645,
      "over_localsgd": 1.3348909090339813
    }
  }
}