{
  "algorithm_times": {
    "H_10": {
      "sgd": 6.905541508994504,
      "pipe_sgd": 4.165191172699792,
      "localsgd": 0.7329023764903515,
      "pipe_seq_localsgd": 0.7156230482573483,
      "dream_ddp": 0.6899956437573621
    }
  },
  "speedups": {
    "H_10": {
      "over_pipe_sgd": 6.036547057048504,
      "over_localsgd": 1.0621840632200825
    }
  }
}