{
    "model.embed_tokens": 5.3740095818179777e-05,
    "model.layers.0.self_attn.q_proj": 0.00017140377526995778,
    "model.layers.0.self_attn.k_proj": 0.00015486245867849766,
    "model.layers.0.self_attn.v_proj": 0.0007991270087231165,
    "model.layers.0.self_attn.o_proj": 0.00017535823515091818,
    "model.layers.0.self_attn.rotary_emb": NaN,
    "model.layers.0.mlp.gate_proj": 0.0012171843956256736,
    "model.layers.0.mlp.up_proj": 0.001586859253631241,
    "model.layers.0.mlp.down_proj": 0.0011832083778819818,
    "model.layers.0.mlp.act_fn": 0.00024284439525385014,
    "model.layers.0.input_layernorm": 0.00030706394677874687,
    "model.layers.0.post_attention_layernorm": 0.00030134190088030937,
    "model.layers.1.self_attn.q_proj": 0.00015373887686893857,
    "model.layers.1.self_attn.k_proj": 0.00013958448651193203,
    "model.layers.1.self_attn.v_proj": 0.0007865949608813757,
    "model.layers.1.self_attn.o_proj": 0.00016145596559020295,
    "model.layers.1.self_attn.rotary_emb": NaN,
    "model.layers.1.mlp.gate_proj": 0.0012163951479155443,
    "model.layers.1.mlp.up_proj": 0.001591378244860419,
    "model.layers.1.mlp.down_proj": 0.001190991237245757,
    "model.layers.1.mlp.act_fn": 0.00023775539178957884,
    "model.layers.1.input_layernorm": 0.0002575550956287603,
    "model.layers.1.post_attention_layernorm": 0.00025934460519374104,
    "model.layers.2.self_attn.q_proj": 0.00015407595141180632,
    "model.layers.2.self_attn.k_proj": 0.00013954886074723868,
    "model.layers.2.self_attn.v_proj": 0.0007926951879742502,
    "model.layers.2.self_attn.o_proj": 0.0001626782033635282,
    "model.layers.2.self_attn.rotary_emb": NaN,
    "model.layers.2.mlp.gate_proj": 0.0012273733643279679,
    "model.layers.2.mlp.up_proj": 0.0016009122475810435,
    "model.layers.2.mlp.down_proj": 0.001198190382157249,
    "model.layers.2.mlp.act_fn": 0.00023805684056775323,
    "model.layers.2.input_layernorm": 0.0002569220531945941,
    "model.layers.2.post_attention_layernorm": 0.0002611944045143566,
    "model.layers.3.self_attn.q_proj": 0.00015464596364689968,
    "model.layers.3.self_attn.k_proj": 0.00014150553736193427,
    "model.layers.3.self_attn.v_proj": 0.0008043722174633509,
    "model.layers.3.self_attn.o_proj": 0.0001630865294357826,
    "model.layers.3.self_attn.rotary_emb": NaN,
    "model.layers.3.mlp.gate_proj": 0.0012387489450388942,
    "model.layers.3.mlp.up_proj": 0.001618604550416442,
    "model.layers.3.mlp.down_proj": 0.0012125420844417878,
    "model.layers.3.mlp.act_fn": 0.00023773894912895114,
    "model.layers.3.input_layernorm": 0.00025720705931214083,
    "model.layers.3.post_attention_layernorm": 0.0002588896915830415,
    "model.layers.4.self_attn.q_proj": 0.00015587368230710085,
    "model.layers.4.self_attn.k_proj": 0.00014066148078304598,
    "model.layers.4.self_attn.v_proj": 0.0008010617617903085,
    "model.layers.4.self_attn.o_proj": 0.00016336879510989134,
    "model.layers.4.self_attn.rotary_emb": NaN,
    "model.layers.4.mlp.gate_proj": 0.0012458960215250652,
    "model.layers.4.mlp.up_proj": 0.0016229837790302847,
    "model.layers.4.mlp.down_proj": 0.001220703125,
    "model.layers.4.mlp.act_fn": 0.000237585484296426,
    "model.layers.4.input_layernorm": 0.0002555682741362473,
    "model.layers.4.post_attention_layernorm": 0.00025900479020743536,
    "model.layers.5.self_attn.q_proj": 0.00015729597245139638,
    "model.layers.5.self_attn.k_proj": 0.00014208103048390355,
    "model.layers.5.self_attn.v_proj": 0.0008088418807106456,
    "model.layers.5.self_attn.o_proj": 0.00016485685589669765,
    "model.layers.5.self_attn.rotary_emb": NaN,
    "model.layers.5.mlp.gate_proj": 0.00125970511600889,
    "model.layers.5.mlp.up_proj": 0.0016344689774787288,
    "model.layers.5.mlp.down_proj": 0.001242519795209512,
    "model.layers.5.mlp.act_fn": 0.00023796366549086296,
    "model.layers.5.input_layernorm": 0.00025600674508631917,
    "model.layers.5.post_attention_layernorm": 0.00026155066216129,
    "model.layers.6.self_attn.q_proj": 0.00015710962229761584,
    "model.layers.6.self_attn.k_proj": 0.0001417302537238461,
    "model.layers.6.self_attn.v_proj": 0.0008077731077698456,
    "model.layers.6.self_attn.o_proj": 0.0001643169885394217,
    "model.layers.6.self_attn.rotary_emb": NaN,
    "model.layers.6.mlp.gate_proj": 0.00123768565298497,
    "model.layers.6.mlp.up_proj": 0.0015923127360727596,
    "model.layers.6.mlp.down_proj": 0.0011961980797778602,
    "model.layers.6.mlp.act_fn": 0.00023820482451340248,
    "model.layers.6.input_layernorm": 0.0002588677680355379,
    "model.layers.6.post_attention_layernorm": 0.000263214111328125,
    "model.layers.7.self_attn.q_proj": 0.00015430614866059403,
    "model.layers.7.self_attn.k_proj": 0.00013927207596000583,
    "model.layers.7.self_attn.v_proj": 0.000793832472000999,
    "model.layers.7.self_attn.o_proj": 0.00016430876720910785,
    "model.layers.7.self_attn.rotary_emb": NaN,
    "model.layers.7.mlp.gate_proj": 0.0011989357827723712,
    "model.layers.7.mlp.up_proj": 0.001560751048997901,
    "model.layers.7.mlp.down_proj": 0.0011573961411399402,
    "model.layers.7.mlp.act_fn": 0.00024245525228566136,
    "model.layers.7.input_layernorm": 0.00026530781011471804,
    "model.layers.7.post_attention_layernorm": 0.00027298653262785113,
    "model.norm": 0.00030234216273516073,
    "lm_head": 0.005080266930591101
}