{
    "model.embed_tokens": 3.653285147129804e-05,
    "model.layers.0.self_attn.q_proj": 0.00014443507139710174,
    "model.layers.0.self_attn.k_proj": 0.00013023409350165007,
    "model.layers.0.self_attn.v_proj": 0.0007641123629164422,
    "model.layers.0.self_attn.o_proj": 0.00015106968496037625,
    "model.layers.0.self_attn.rotary_emb": 0,
    "model.layers.0.mlp.gate_proj": 0.0011831617903435368,
    "model.layers.0.mlp.up_proj": 0.0015611100470882722,
    "model.layers.0.mlp.down_proj": 0.0011622631686857377,
    "model.layers.0.mlp.act_fn": 0.00023337068228886044,
    "model.layers.0.input_layernorm": 0.0002298437315842201,
    "model.layers.0.post_attention_layernorm": 0.00023513004697602372,
    "model.layers.1.self_attn.q_proj": 0.0001450982587090854,
    "model.layers.1.self_attn.k_proj": 0.00013002307935692798,
    "model.layers.1.self_attn.v_proj": 0.0007626873323287087,
    "model.layers.1.self_attn.o_proj": 0.00015088607525003367,
    "model.layers.1.self_attn.rotary_emb": 0,
    "model.layers.1.mlp.gate_proj": 0.001184433356098745,
    "model.layers.1.mlp.up_proj": 0.001563272256960814,
    "model.layers.1.mlp.down_proj": 0.0011654722279515759,
    "model.layers.1.mlp.act_fn": 0.00023228546668743264,
    "model.layers.1.input_layernorm": 0.00022939155841695852,
    "model.layers.1.post_attention_layernorm": 0.00023035619450711655,
    "model.layers.2.self_attn.q_proj": 0.0001498090809789197,
    "model.layers.2.self_attn.k_proj": 0.0001344927426042228,
    "model.layers.2.self_attn.v_proj": 0.000781960871027804,
    "model.layers.2.self_attn.o_proj": 0.0001569177912569594,
    "model.layers.2.self_attn.rotary_emb": 0,
    "model.layers.2.mlp.gate_proj": 0.0011931698897789265,
    "model.layers.2.mlp.up_proj": 0.0015701672126506936,
    "model.layers.2.mlp.down_proj": 0.0011703968048095703,
    "model.layers.2.mlp.act_fn": 0.00023425858596275593,
    "model.layers.2.input_layernorm": 0.00023427776906682156,
    "model.layers.2.post_attention_layernorm": 0.00024219491015905621,
    "model.layers.3.self_attn.q_proj": 0.00014966383747670842,
    "model.layers.3.self_attn.k_proj": 0.00013481611492990078,
    "model.layers.3.self_attn.v_proj": 0.0007787737353094693,
    "model.layers.3.self_attn.o_proj": 0.0001566875940081717,
    "model.layers.3.self_attn.rotary_emb": 0,
    "model.layers.3.mlp.gate_proj": 0.0011960473553887729,
    "model.layers.3.mlp.up_proj": 0.001579229859099991,
    "model.layers.3.mlp.down_proj": 0.0011775192173047997,
    "model.layers.3.mlp.act_fn": 0.00023477927021596623,
    "model.layers.3.input_layernorm": 0.00023906532375291847,
    "model.layers.3.post_attention_layernorm": 0.00024055338453972475,
    "model.layers.4.self_attn.q_proj": 0.00015114641737663882,
    "model.layers.4.self_attn.k_proj": 0.0001369481799246251,
    "model.layers.4.self_attn.v_proj": 0.0007886009654779544,
    "model.layers.4.self_attn.o_proj": 0.000159841844405251,
    "model.layers.4.self_attn.rotary_emb": 0,
    "model.layers.4.mlp.gate_proj": 0.0012059567988603965,
    "model.layers.4.mlp.up_proj": 0.001583685820130096,
    "model.layers.4.mlp.down_proj": 0.0011867106645956807,
    "model.layers.4.mlp.act_fn": 0.00023320625568258352,
    "model.layers.4.input_layernorm": 0.00023647286426061871,
    "model.layers.4.post_attention_layernorm": 0.00024366104739835892,
    "model.layers.5.self_attn.q_proj": 0.00014875949114218526,
    "model.layers.5.self_attn.k_proj": 0.00013700298879338406,
    "model.layers.5.self_attn.v_proj": 0.0007868525625645429,
    "model.layers.5.self_attn.o_proj": 0.00015789064867743132,
    "model.layers.5.self_attn.rotary_emb": 0,
    "model.layers.5.mlp.gate_proj": 0.0012251426433694773,
    "model.layers.5.mlp.up_proj": 0.00160893352552392,
    "model.layers.5.mlp.down_proj": 0.001217962681562051,
    "model.layers.5.mlp.act_fn": 0.00023480667465034574,
    "model.layers.5.input_layernorm": 0.00023435998236996005,
    "model.layers.5.post_attention_layernorm": 0.00023723196709293058,
    "model.layers.6.self_attn.q_proj": 0.00015307843000039286,
    "model.layers.6.self_attn.k_proj": 0.0001380169528654252,
    "model.layers.6.self_attn.v_proj": 0.0008071400653356793,
    "model.layers.6.self_attn.o_proj": 0.00016455540711852326,
    "model.layers.6.self_attn.rotary_emb": 0,
    "model.layers.6.mlp.gate_proj": 0.0012341066338550086,
    "model.layers.6.mlp.up_proj": 0.0016102489383741357,
    "model.layers.6.mlp.down_proj": 0.0012482391006645114,
    "model.layers.6.mlp.act_fn": 0.00023837473200655532,
    "model.layers.6.input_layernorm": 0.00023942158139985184,
    "model.layers.6.post_attention_layernorm": 0.00025681791634395206,
    "model.layers.7.self_attn.q_proj": 0.00025990091521164467,
    "model.layers.7.self_attn.k_proj": 0.00023317885124820402,
    "model.layers.7.self_attn.v_proj": 0.0013355304454935007,
    "model.layers.7.self_attn.o_proj": 0.0003399629702513245,
    "model.layers.7.self_attn.rotary_emb": 0,
    "model.layers.7.mlp.gate_proj": 0.001275564062184301,
    "model.layers.7.mlp.up_proj": 0.0015991145166857489,
    "model.layers.7.mlp.down_proj": 0.0012574963185979031,
    "model.layers.7.mlp.act_fn": 0.00029820957403073366,
    "model.layers.7.input_layernorm": 0.0004451466702866828,
    "model.layers.7.post_attention_layernorm": 0.0006357472518394733,
    "model.norm": 0.0009508461787782866,
    "lm_head": 0.005227661680901188
}