{
  "algorithm_times": {
    "H_10": {
      "sgd": 0.29871884707747104,
      "pipe_sgd": 0.2009369126681668,
      "localsgd": 0.0784650398205054,
      "pipe_seq_localsgd": 0.060946004054202696,
      "dream_ddp": 0.05868033670420257
    }
  },
  "speedups": {
    "H_10": {
      "over_pipe_sgd": 3.424263116979969,
      "over_localsgd": 1.3371606951751844
    }
  }
}