{
    "transformer.wte": 0.05623321368776519,
    "transformer.wpe": 0.0014979461143756734,
    "transformer.drop": 1.2437228498787716e-05,
    "transformer.h.0.ln_1": 0.00019023336213210533,
    "transformer.h.0.attn.c_attn": 0.0024992498858221646,
    "transformer.h.0.attn.c_proj": 0.0009097970765212487,
    "transformer.h.0.attn.attn_dropout": 1.1368455557987608e-05,
    "transformer.h.0.attn.resid_dropout": 1.0136900276973329e-05,
    "transformer.h.0.ln_2": 0.00010739523788978313,
    "transformer.h.0.mlp.c_fc": 0.0033011436462402344,
    "transformer.h.0.mlp.c_proj": 0.003295151940707503,
    "transformer.h.0.mlp.act": 1.2082067029229525e-05,
    "transformer.h.0.mlp.dropout": 1.0265153029869342e-05,
    "transformer.h.1.ln_1": 0.00013313622310243803,
    "transformer.h.1.attn.c_attn": 0.0024962195034684805,
    "transformer.h.1.attn.c_proj": 0.0009081248579354122,
    "transformer.h.1.attn.attn_dropout": 1.1190874823208513e-05,
    "transformer.h.1.attn.resid_dropout": 1.0072773900525323e-05,
    "transformer.h.1.ln_2": 0.00010707296174148034,
    "transformer.h.1.mlp.c_fc": 0.0032983747021905307,
    "transformer.h.1.mlp.c_proj": 0.003293295564322636,
    "transformer.h.1.mlp.act": 1.1305973447602371e-05,
    "transformer.h.1.mlp.dropout": 1.0151698671538254e-05,
    "transformer.h.2.ln_1": 0.00010961664134058459,
    "transformer.h.2.attn.c_attn": 0.0024961224917707772,
    "transformer.h.2.attn.c_proj": 0.0009032019253434806,
    "transformer.h.2.attn.attn_dropout": 1.1172787896518049e-05,
    "transformer.h.2.attn.resid_dropout": 1.0067841102337016e-05,
    "transformer.h.2.ln_2": 0.00011502463242103313,
    "transformer.h.2.mlp.c_fc": 0.0032995388425629715,
    "transformer.h.2.mlp.c_proj": 0.0032913125794509362,
    "transformer.h.2.mlp.act": 1.1243491337217134e-05,
    "transformer.h.2.mlp.dropout": 1.0123746148471174e-05,
    "transformer.h.3.ln_1": 0.00011516439503636854,
    "transformer.h.3.attn.c_attn": 0.002496701273424872,
    "transformer.h.3.attn.c_proj": 0.0009057620476032126,
    "transformer.h.3.attn.attn_dropout": 1.1210606015961745e-05,
    "transformer.h.3.attn.resid_dropout": 1.0104014955717942e-05,
    "transformer.h.3.ln_2": 0.0001038830855797077,
    "transformer.h.3.mlp.c_fc": 0.00329887291480755,
    "transformer.h.3.mlp.c_proj": 0.003292797351705617,
    "transformer.h.3.mlp.act": 1.1268155328158675e-05,
    "transformer.h.3.mlp.dropout": 1.00793509647764e-05,
    "transformer.h.4.ln_1": 0.00011001784225990032,
    "transformer.h.4.attn.c_attn": 0.0024940523607977507,
    "transformer.h.4.attn.c_proj": 0.0009071218556371229,
    "transformer.h.4.attn.attn_dropout": 1.1220471612338362e-05,
    "transformer.h.4.attn.resid_dropout": 1.0046465643521014e-05,
    "transformer.h.4.ln_2": 0.00011199260580128637,
    "transformer.h.4.mlp.c_fc": 0.0032974440475990034,
    "transformer.h.4.mlp.c_proj": 0.003297016538422683,
    "transformer.h.4.mlp.act": 1.1233625740840517e-05,
    "transformer.h.4.mlp.dropout": 1.0094149359341325e-05,
    "transformer.h.5.ln_1": 0.00012069241753939924,
    "transformer.h.5.attn.c_attn": 0.002494433830524313,
    "transformer.h.5.attn.c_proj": 0.0009082596877525592,
    "transformer.h.5.attn.attn_dropout": 1.1654557852909483e-05,
    "transformer.h.5.attn.resid_dropout": 1.024542183711611e-05,
    "transformer.h.5.ln_2": 0.00012449067214439656,
    "transformer.h.5.mlp.c_fc": 0.003298082022831358,
    "transformer.h.5.mlp.c_proj": 0.003290452628300108,
    "transformer.h.5.mlp.act": 1.12829537227236e-05,
    "transformer.h.5.mlp.dropout": 1.0097437891466865e-05,
    "transformer.h.6.ln_1": 0.00011425511590365706,
    "transformer.h.6.attn.c_attn": 0.0024957706188333444,
    "transformer.h.6.attn.c_proj": 0.0009066729710019868,
    "transformer.h.6.attn.attn_dropout": 1.117114363045528e-05,
    "transformer.h.6.attn.resid_dropout": 1.007770669871363e-05,
    "transformer.h.6.ln_2": 0.00012192232855435075,
    "transformer.h.6.mlp.c_fc": 0.0032990340528817014,
    "transformer.h.6.mlp.c_proj": 0.003301480720783102,
    "transformer.h.6.mlp.act": 1.1174432162580819e-05,
    "transformer.h.6.mlp.dropout": 1.0054686973834859e-05,
    "transformer.h.7.ln_1": 0.00011553106636836611,
    "transformer.h.7.attn.c_attn": 0.002496513827093716,
    "transformer.h.7.attn.c_proj": 0.0009099335506044585,
    "transformer.h.7.attn.attn_dropout": 1.1130036978886045e-05,
    "transformer.h.7.attn.resid_dropout": 1.010894775390625e-05,
    "transformer.h.7.ln_2": 0.00011848745674922548,
    "transformer.h.7.mlp.c_fc": 0.003299356329030004,
    "transformer.h.7.mlp.c_proj": 0.0032911448643125336,
    "transformer.h.7.mlp.act": 1.1220471612338362e-05,
    "transformer.h.7.mlp.dropout": 1.0128678946659484e-05,
    "transformer.h.8.ln_1": 0.00011949045904751481,
    "transformer.h.8.attn.c_attn": 0.002496022191540948,
    "transformer.h.8.attn.c_proj": 0.0009089437024346714,
    "transformer.h.8.attn.attn_dropout": 1.1092218859442349e-05,
    "transformer.h.8.attn.resid_dropout": 1.0131967478785021e-05,
    "transformer.h.8.ln_2": 0.00011343133860620959,
    "transformer.h.8.mlp.c_fc": 0.003297475288654196,
    "transformer.h.8.mlp.c_proj": 0.0032916743179847454,
    "transformer.h.8.mlp.act": 1.1585498678273168e-05,
    "transformer.h.8.mlp.dropout": 1.0301326883250269e-05,
    "transformer.h.9.ln_1": 0.00011867161454825566,
    "transformer.h.9.attn.c_attn": 0.002496410238331762,
    "transformer.h.9.attn.c_proj": 0.0009075394992170663,
    "transformer.h.9.attn.attn_dropout": 1.1205673217773438e-05,
    "transformer.h.9.attn.resid_dropout": 1.0089216561153017e-05,
    "transformer.h.9.ln_2": 0.00011290024066793508,
    "transformer.h.9.mlp.c_fc": 0.0032981477934738686,
    "transformer.h.9.mlp.c_proj": 0.003292833525558998,
    "transformer.h.9.mlp.act": 1.1210606015961745e-05,
    "transformer.h.9.mlp.dropout": 1.0128678946659484e-05,
    "transformer.h.10.ln_1": 0.00012348931411217,
    "transformer.h.10.attn.c_attn": 0.0024948383199757543,
    "transformer.h.10.attn.c_proj": 0.0009056058423272495,
    "transformer.h.10.attn.attn_dropout": 1.1215538814150054e-05,
    "transformer.h.10.attn.resid_dropout": 1.0104014955717942e-05,
    "transformer.h.10.ln_2": 0.00011476812691524112,
    "transformer.h.10.mlp.c_fc": 0.0033002672524287784,
    "transformer.h.10.mlp.c_proj": 0.003292775976246801,
    "transformer.h.10.mlp.act": 1.1330637438543911e-05,
    "transformer.h.10.mlp.dropout": 1.0207603717672414e-05,
    "transformer.h.11.ln_1": 0.00012319170195480874,
    "transformer.h.11.attn.c_attn": 0.0024954861608044855,
    "transformer.h.11.attn.c_proj": 0.0009046307925520272,
    "transformer.h.11.attn.attn_dropout": 1.1169499364392511e-05,
    "transformer.h.11.attn.resid_dropout": 1.0044821377458244e-05,
    "transformer.h.11.ln_2": 0.00011749596431337554,
    "transformer.h.11.mlp.c_fc": 0.003296774831311456,
    "transformer.h.11.mlp.c_proj": 0.0032935339829017374,
    "transformer.h.11.mlp.act": 1.1402985145305766e-05,
    "transformer.h.11.mlp.dropout": 1.0118813350282867e-05,
    "transformer.ln_f": 0.00013104964946878368,
    "lm_head": 0.05183553202398892
}