{
    "transformer.wte": 0.058433351845576846,
    "transformer.wpe": 0.001705654736222892,
    "transformer.drop": 1.2011363588530442e-05,
    "transformer.h.0.ln_1": 0.00021153482897528288,
    "transformer.h.0.attn.c_attn": 0.0025043569762131265,
    "transformer.h.0.attn.c_proj": 0.0009047245157176051,
    "transformer.h.0.attn.attn_dropout": 1.1255001199656519e-05,
    "transformer.h.0.attn.resid_dropout": 9.86559637661638e-06,
    "transformer.h.0.ln_2": 0.00011402985145305765,
    "transformer.h.0.mlp.c_fc": 0.0032970576450742526,
    "transformer.h.0.mlp.c_proj": 0.0032920015269312366,
    "transformer.h.0.mlp.act": 1.1016582620554956e-05,
    "transformer.h.0.mlp.dropout": 1.0251998901367188e-05,
    "transformer.h.1.ln_1": 0.00015816195257778825,
    "transformer.h.1.attn.c_attn": 0.0025032799819420123,
    "transformer.h.1.attn.c_proj": 0.000922137293322333,
    "transformer.h.1.attn.attn_dropout": 1.086859867490571e-05,
    "transformer.h.1.attn.resid_dropout": 9.890260367557921e-06,
    "transformer.h.1.ln_2": 0.000105307019990066,
    "transformer.h.1.mlp.c_fc": 0.003297353612965551,
    "transformer.h.1.mlp.c_proj": 0.003349772815046639,
    "transformer.h.1.mlp.act": 1.0843934683964171e-05,
    "transformer.h.1.mlp.dropout": 9.923145688813308e-06,
    "transformer.h.2.ln_1": 0.00011855980445598734,
    "transformer.h.2.attn.c_attn": 0.0024968262376456425,
    "transformer.h.2.attn.c_proj": 0.0009045847531022696,
    "transformer.h.2.attn.attn_dropout": 1.086859867490571e-05,
    "transformer.h.2.attn.resid_dropout": 9.799825734105604e-06,
    "transformer.h.2.ln_2": 0.00014952133441793508,
    "transformer.h.2.mlp.c_fc": 0.0033043170797413795,
    "transformer.h.2.mlp.c_proj": 0.003292182396198141,
    "transformer.h.2.mlp.act": 1.0876820005219558e-05,
    "transformer.h.2.mlp.dropout": 9.890260367557921e-06,
    "transformer.h.3.ln_1": 0.00016159846864897628,
    "transformer.h.3.attn.c_attn": 0.002497541493382947,
    "transformer.h.3.attn.c_proj": 0.0009031706842882879,
    "transformer.h.3.attn.attn_dropout": 1.0967254638671875e-05,
    "transformer.h.3.attn.resid_dropout": 9.964252340382544e-06,
    "transformer.h.3.ln_2": 0.00011362700626767915,
    "transformer.h.3.mlp.c_fc": 0.003295314723047717,
    "transformer.h.3.mlp.c_proj": 0.0033500934469288795,
    "transformer.h.3.mlp.act": 1.0778164041453394e-05,
    "transformer.h.3.mlp.dropout": 9.882039037244074e-06,
    "transformer.h.4.ln_1": 0.00012147837671740302,
    "transformer.h.4.attn.c_attn": 0.0024952724062163255,
    "transformer.h.4.attn.c_proj": 0.0009068949469204607,
    "transformer.h.4.attn.attn_dropout": 1.0852156014278016e-05,
    "transformer.h.4.attn.resid_dropout": 9.931367019127155e-06,
    "transformer.h.4.ln_2": 0.00011781166339742726,
    "transformer.h.4.mlp.c_fc": 0.0033034045120765424,
    "transformer.h.4.mlp.c_proj": 0.003290201055592504,
    "transformer.h.4.mlp.act": 1.086859867490571e-05,
    "transformer.h.4.mlp.dropout": 9.873817706930227e-06,
    "transformer.h.5.ln_1": 0.00019260110526249326,
    "transformer.h.5.attn.c_attn": 0.002501142436060412,
    "transformer.h.5.attn.c_proj": 0.0009110056120773841,
    "transformer.h.5.attn.attn_dropout": 1.0835713353650324e-05,
    "transformer.h.5.attn.resid_dropout": 9.758719082536368e-06,
    "transformer.h.5.ln_2": 0.00012631251894194503,
    "transformer.h.5.mlp.c_fc": 0.0032998775613719018,
    "transformer.h.5.mlp.c_proj": 0.003291722001700566,
    "transformer.h.5.mlp.act": 1.0885041335533405e-05,
    "transformer.h.5.mlp.dropout": 9.906703028185614e-06,
    "transformer.h.6.ln_1": 0.00016297143081138874,
    "transformer.h.6.attn.c_attn": 0.0024962918511752426,
    "transformer.h.6.attn.c_proj": 0.0009091640340870824,
    "transformer.h.6.attn.attn_dropout": 1.0778164041453394e-05,
    "transformer.h.6.attn.resid_dropout": 9.824489725047144e-06,
    "transformer.h.6.ln_2": 0.00012900911528488686,
    "transformer.h.6.mlp.c_fc": 0.003298011319390659,
    "transformer.h.6.mlp.c_proj": 0.0032944350407041354,
    "transformer.h.6.mlp.act": 1.0835713353650324e-05,
    "transformer.h.6.mlp.dropout": 9.758719082536368e-06,
    "transformer.h.7.ln_1": 0.00014454742957805764,
    "transformer.h.7.attn.c_attn": 0.0024967851309940733,
    "transformer.h.7.attn.c_proj": 0.0009103314629916487,
    "transformer.h.7.attn.attn_dropout": 1.0769942711139547e-05,
    "transformer.h.7.attn.resid_dropout": 9.742276421908674e-06,
    "transformer.h.7.ln_2": 0.00011550146957923626,
    "transformer.h.7.mlp.c_fc": 0.0032985703698520004,
    "transformer.h.7.mlp.c_proj": 0.0032938842115731075,
    "transformer.h.7.mlp.act": 1.0753500050511854e-05,
    "transformer.h.7.mlp.dropout": 9.898481697871766e-06,
    "transformer.h.8.ln_1": 0.0001437664031982422,
    "transformer.h.8.attn.c_attn": 0.0024972208615007072,
    "transformer.h.8.attn.c_proj": 0.0009078075145852977,
    "transformer.h.8.attn.attn_dropout": 1.0769942711139547e-05,
    "transformer.h.8.attn.resid_dropout": 1.0071129634462553e-05,
    "transformer.h.8.ln_2": 0.00010519192136567214,
    "transformer.h.8.mlp.c_fc": 0.003297345391635237,
    "transformer.h.8.mlp.c_proj": 0.0032933498251027076,
    "transformer.h.8.mlp.act": 1.0934369317416486e-05,
    "transformer.h.8.mlp.dropout": 9.86559637661638e-06,
    "transformer.h.9.ln_1": 0.0001099438502870757,
    "transformer.h.9.attn.c_attn": 0.002495576595437938,
    "transformer.h.9.attn.c_proj": 0.0009077992932549838,
    "transformer.h.9.attn.attn_dropout": 1.0794606702081088e-05,
    "transformer.h.9.attn.resid_dropout": 9.832711055360991e-06,
    "transformer.h.9.ln_2": 0.00011194985488365437,
    "transformer.h.9.mlp.c_fc": 0.0032988827804039263,
    "transformer.h.9.mlp.c_proj": 0.0032940568595096983,
    "transformer.h.9.mlp.act": 1.0802828032394935e-05,
    "transformer.h.9.mlp.dropout": 9.857375046302532e-06,
    "transformer.h.10.ln_1": 0.00012553149256212958,
    "transformer.h.10.attn.c_attn": 0.002491548143584153,
    "transformer.h.10.attn.c_proj": 0.0009051931315454943,
    "transformer.h.10.attn.attn_dropout": 1.0720614729256465e-05,
    "transformer.h.10.attn.resid_dropout": 9.808047064419451e-06,
    "transformer.h.10.ln_2": 0.0001345667345770474,
    "transformer.h.10.mlp.c_fc": 0.003305081663460567,
    "transformer.h.10.mlp.c_proj": 0.003291384927157698,
    "transformer.h.10.mlp.act": 1.0860377344591864e-05,
    "transformer.h.10.mlp.dropout": 9.873817706930227e-06,
    "transformer.h.11.ln_1": 0.00012536706595585263,
    "transformer.h.11.attn.c_attn": 0.0024972044188400796,
    "transformer.h.11.attn.c_proj": 0.0009090324928020609,
    "transformer.h.11.attn.attn_dropout": 1.0860377344591864e-05,
    "transformer.h.11.attn.resid_dropout": 9.799825734105604e-06,
    "transformer.h.11.ln_2": 0.00012336106135927397,
    "transformer.h.11.mlp.c_fc": 0.0032975509248930833,
    "transformer.h.11.mlp.c_proj": 0.0033494932898159684,
    "transformer.h.11.mlp.act": 1.086859867490571e-05,
    "transformer.h.11.mlp.dropout": 9.840932385674838e-06,
    "transformer.ln_f": 0.00013976261533539872,
    "lm_head": 0.05171169905826963
}