{
  "algorithm_times": {
    "H_10": {
      "sgd": 4.888583439471695,
      "pipe_sgd": 3.295634672127554,
      "localsgd": 1.3004663410289548,
      "pipe_seq_localsgd": 1.1977383531112853,
      "dream_ddp": 1.1422966854812684
    }
  },
  "speedups": {
    "H_10": {
      "over_pipe_sgd": 2.885095189380724,
      "over_localsgd": 1.1384663525317391
    }
  }
}