{
    "transformer.wte": 0.28088558551877046,
    "transformer.wpe": 0.00607879217280898,
    "transformer.drop": 1.2863514035247094e-05,
    "transformer.h.0.ln_1": 0.000812114671219227,
    "transformer.h.0.attn.c_attn": 0.015432291252668514,
    "transformer.h.0.attn.c_proj": 0.012066946473232535,
    "transformer.h.0.attn.attn_dropout": 1.1471814887468205e-05,
    "transformer.h.0.attn.resid_dropout": 1.0146651157113009e-05,
    "transformer.h.0.ln_2": 0.0004217846449031386,
    "transformer.h.0.mlp.c_fc": 0.01973519768825797,
    "transformer.h.0.mlp.c_proj": 0.018354809561441112,
    "transformer.h.0.mlp.act": 1.1715778084688408e-05,
    "transformer.h.0.mlp.dropout": 9.825063306231832e-06,
    "transformer.h.1.ln_1": 0.00045898903247921965,
    "transformer.h.1.attn.c_attn": 0.013421762821286223,
    "transformer.h.1.attn.c_proj": 0.00974792103434718,
    "transformer.h.1.attn.attn_dropout": 1.1410824088163155e-05,
    "transformer.h.1.attn.resid_dropout": 1.0401703590570494e-05,
    "transformer.h.1.ln_2": 0.0004174764766249546,
    "transformer.h.1.mlp.c_fc": 0.018055494441542516,
    "transformer.h.1.mlp.c_proj": 0.01677112246668616,
    "transformer.h.1.mlp.act": 1.1344288670739463e-05,
    "transformer.h.1.mlp.dropout": 1.0202097338299418e-05,
    "transformer.h.2.ln_1": 0.0004202044287393259,
    "transformer.h.2.attn.c_attn": 0.012204314387121867,
    "transformer.h.2.attn.c_proj": 0.009624375853427621,
    "transformer.h.2.attn.attn_dropout": 1.2181526006654251e-05,
    "transformer.h.2.attn.resid_dropout": 1.0312989700672238e-05,
    "transformer.h.2.ln_2": 0.000390257946280546,
    "transformer.h.2.mlp.c_fc": 0.01680384680282238,
    "transformer.h.2.mlp.c_proj": 0.015978524851244548,
    "transformer.h.2.mlp.act": 1.1532805686773256e-05,
    "transformer.h.2.mlp.dropout": 1.0229820428892624e-05,
    "transformer.h.3.ln_1": 0.00042458467705305233,
    "transformer.h.3.attn.c_attn": 0.011875285658725473,
    "transformer.h.3.attn.c_proj": 0.009582824485246525,
    "transformer.h.3.attn.attn_dropout": 1.1316565580146257e-05,
    "transformer.h.3.attn.resid_dropout": 1.009674959404524e-05,
    "transformer.h.3.ln_2": 0.00039632930312045783,
    "transformer.h.3.mlp.c_fc": 0.016382161961045374,
    "transformer.h.3.mlp.c_proj": 0.01586305817892385,
    "transformer.h.3.mlp.act": 1.1261119398959847e-05,
    "transformer.h.3.mlp.dropout": 1.0113383448401162e-05,
    "transformer.h.4.ln_1": 0.0004062541695528252,
    "transformer.h.4.attn.c_attn": 0.011819711951322334,
    "transformer.h.4.attn.c_proj": 0.009564643682435502,
    "transformer.h.4.attn.attn_dropout": 1.116131627282431e-05,
    "transformer.h.4.attn.resid_dropout": 1.0085660357807958e-05,
    "transformer.h.4.ln_2": 0.00039738278056299965,
    "transformer.h.4.mlp.c_fc": 0.016298271888910337,
    "transformer.h.4.mlp.c_proj": 0.0156352908112282,
    "transformer.h.4.mlp.act": 1.1438547178756359e-05,
    "transformer.h.4.mlp.dropout": 1.0185463483943496e-05,
    "transformer.h.5.ln_1": 0.0004088324169779933,
    "transformer.h.5.attn.c_attn": 0.011727754459824673,
    "transformer.h.5.attn.c_proj": 0.009440460870432299,
    "transformer.h.5.attn.attn_dropout": 1.1189039363417515e-05,
    "transformer.h.5.attn.resid_dropout": 1.0002491086028344e-05,
    "transformer.h.5.ln_2": 0.0004231153532516125,
    "transformer.h.5.mlp.c_fc": 0.01622886435930119,
    "transformer.h.5.mlp.c_proj": 0.01565755245297454,
    "transformer.h.5.mlp.act": 1.1139137800349746e-05,
    "transformer.h.5.mlp.dropout": 1.004684803097747e-05,
    "transformer.h.6.ln_1": 0.0004250005234119504,
    "transformer.h.6.attn.c_attn": 0.011782779250034067,
    "transformer.h.6.attn.c_proj": 0.009553609892379406,
    "transformer.h.6.attn.attn_dropout": 1.1044879292332848e-05,
    "transformer.h.6.attn.resid_dropout": 1.0035758794740189e-05,
    "transformer.h.6.ln_2": 0.0004208198813504951,
    "transformer.h.6.mlp.c_fc": 0.016025898068450218,
    "transformer.h.6.mlp.c_proj": 0.015607894853103993,
    "transformer.h.6.mlp.act": 1.1139137800349746e-05,
    "transformer.h.6.mlp.dropout": 1.0052392649096112e-05,
    "transformer.h.7.ln_1": 0.0004201434379400209,
    "transformer.h.7.attn.c_attn": 0.011710161386534225,
    "transformer.h.7.attn.c_proj": 0.00955555050872093,
    "transformer.h.7.attn.attn_dropout": 1.1083691619163336e-05,
    "transformer.h.7.attn.resid_dropout": 1.0035758794740189e-05,
    "transformer.h.7.ln_2": 0.0004128467204958894,
    "transformer.h.7.mlp.c_fc": 0.015974383021509924,
    "transformer.h.7.mlp.c_proj": 0.015601590622303098,
    "transformer.h.7.mlp.act": 1.1100325473519259e-05,
    "transformer.h.7.mlp.dropout": 1.0118928066519804e-05,
    "transformer.h.8.ln_1": 0.0004132902899453806,
    "transformer.h.8.attn.c_attn": 0.011823909227238145,
    "transformer.h.8.attn.c_proj": 0.009681490964667742,
    "transformer.h.8.attn.attn_dropout": 1.1055968528570131e-05,
    "transformer.h.8.attn.resid_dropout": 9.98031261355378e-06,
    "transformer.h.8.ln_2": 0.00041397227797397346,
    "transformer.h.8.mlp.c_fc": 0.015891391177510105,
    "transformer.h.8.mlp.c_proj": 0.015567069829896439,
    "transformer.h.8.mlp.act": 1.122230707212936e-05,
    "transformer.h.8.mlp.dropout": 1.0063481885333394e-05,
    "transformer.h.9.ln_1": 0.0004075127978657567,
    "transformer.h.9.attn.c_attn": 0.01167378869167594,
    "transformer.h.9.attn.c_proj": 0.009657377420469772,
    "transformer.h.9.attn.attn_dropout": 1.1200128599654796e-05,
    "transformer.h.9.attn.resid_dropout": 1.0080115739689317e-05,
    "transformer.h.9.ln_2": 0.00041049025779546695,
    "transformer.h.9.mlp.c_fc": 0.015987451686415563,
    "transformer.h.9.mlp.c_proj": 0.015620725099430528,
    "transformer.h.9.mlp.act": 1.1233396308366643e-05,
    "transformer.h.9.mlp.dropout": 1.0080115739689317e-05,
    "transformer.h.10.ln_1": 0.0004180475722911746,
    "transformer.h.10.attn.c_attn": 0.01174858004547829,
    "transformer.h.10.attn.c_proj": 0.00962760282117267,
    "transformer.h.10.attn.attn_dropout": 1.1139137800349746e-05,
    "transformer.h.10.attn.resid_dropout": 9.991401849791061e-06,
    "transformer.h.10.ln_2": 0.00040220105370809866,
    "transformer.h.10.mlp.c_fc": 0.01596007236214571,
    "transformer.h.10.mlp.c_proj": 0.015543532925982808,
    "transformer.h.10.mlp.act": 1.1277753253315771e-05,
    "transformer.h.10.mlp.dropout": 1.0085660357807958e-05,
    "transformer.h.11.ln_1": 0.000428404918936796,
    "transformer.h.11.attn.c_attn": 0.011655946110570154,
    "transformer.h.11.attn.c_proj": 0.009821548018344613,
    "transformer.h.11.attn.attn_dropout": 1.1255574780841207e-05,
    "transformer.h.11.attn.resid_dropout": 1.0069026503452034e-05,
    "transformer.h.11.ln_2": 0.00041619566983954853,
    "transformer.h.11.mlp.c_fc": 0.015725346498711164,
    "transformer.h.11.mlp.c_proj": 0.015507980834606081,
    "transformer.h.11.mlp.act": 1.1144682418468387e-05,
    "transformer.h.11.mlp.dropout": 1.0057937267214753e-05,
    "transformer.ln_f": 0.0004320089207139126,
    "lm_head": 0.26459241467852923
}