{
  "algorithm_times": {
    "H_10": {
      "sgd": 0.2966700093499529,
      "pipe_sgd": 0.20345718778412628,
      "localsgd": 0.08670812877293324,
      "pipe_seq_localsgd": 0.07139401443539105,
      "dream_ddp": 0.06963814050539054
    }
  },
  "speedups": {
    "H_10": {
      "over_pipe_sgd": 2.9216344133769208,
      "over_localsgd": 1.245124125136876
    }
  }
}