{
    "transformer.wte": 0.050360959151695514,
    "transformer.wpe": 0.00115011478292531,
    "transformer.drop": 1.2329255027332526e-05,
    "transformer.h.0.ln_1": 0.0001452215786637931,
    "transformer.h.0.attn.c_attn": 0.002511021734654218,
    "transformer.h.0.attn.c_proj": 0.0009115893265296673,
    "transformer.h.0.attn.attn_dropout": 1.1167307009642152e-05,
    "transformer.h.0.attn.resid_dropout": 1.0136900276973329e-05,
    "transformer.h.0.ln_2": 0.00012770740465186108,
    "transformer.h.0.mlp.c_fc": 0.003319803325609229,
    "transformer.h.0.mlp.c_proj": 0.003302875606493018,
    "transformer.h.0.mlp.act": 1.1531785986889369e-05,
    "transformer.h.0.mlp.dropout": 1.0090312738528196e-05,
    "transformer.h.1.ln_1": 0.0001523412507155846,
    "transformer.h.1.attn.c_attn": 0.002508341580971904,
    "transformer.h.1.attn.c_proj": 0.0009088351808745286,
    "transformer.h.1.attn.attn_dropout": 1.130706962497755e-05,
    "transformer.h.1.attn.resid_dropout": 9.980695001010236e-06,
    "transformer.h.1.ln_2": 0.00012347615998366783,
    "transformer.h.1.mlp.c_fc": 0.0033192963435732083,
    "transformer.h.1.mlp.c_proj": 0.0033012779279686937,
    "transformer.h.1.mlp.act": 1.1249520312780622e-05,
    "transformer.h.1.mlp.dropout": 1.005194653039691e-05,
    "transformer.h.2.ln_1": 0.00012040686333316497,
    "transformer.h.2.attn.c_attn": 0.0025071385263026446,
    "transformer.h.2.attn.c_proj": 0.0009057001135815149,
    "transformer.h.2.attn.attn_dropout": 1.1057689272124192e-05,
    "transformer.h.2.attn.resid_dropout": 9.92040524537536e-06,
    "transformer.h.2.ln_2": 0.00011440529220405666,
    "transformer.h.2.mlp.c_fc": 0.0033191976876094423,
    "transformer.h.2.mlp.c_proj": 0.0033026947372261136,
    "transformer.h.2.mlp.act": 1.1238558539028826e-05,
    "transformer.h.2.mlp.dropout": 1.0104014955717942e-05,
    "transformer.h.3.ln_1": 0.00012828289777383036,
    "transformer.h.3.attn.c_attn": 0.0025046721272084906,
    "transformer.h.3.attn.c_proj": 0.0009075142871374371,
    "transformer.h.3.attn.attn_dropout": 1.1027544394306754e-05,
    "transformer.h.3.attn.resid_dropout": 9.994397218199982e-06,
    "transformer.h.3.ln_2": 0.00012595626129501168,
    "transformer.h.3.mlp.c_fc": 0.0033161229100720636,
    "transformer.h.3.mlp.c_proj": 0.0032996692876706177,
    "transformer.h.3.mlp.act": 1.1096055480255478e-05,
    "transformer.h.3.mlp.dropout": 1.0049206086958962e-05,
    "transformer.h.4.ln_1": 0.00013196879419787177,
    "transformer.h.4.attn.c_attn": 0.00251005709856406,
    "transformer.h.4.attn.c_proj": 0.0009075718364496341,
    "transformer.h.4.attn.attn_dropout": 1.1068651045875988e-05,
    "transformer.h.4.attn.resid_dropout": 9.871077263492277e-06,
    "transformer.h.4.ln_2": 0.00011377773065676634,
    "transformer.h.4.mlp.c_fc": 0.003318485172315576,
    "transformer.h.4.mlp.c_proj": 0.0033135057865888223,
    "transformer.h.4.mlp.act": 1.1085093706503682e-05,
    "transformer.h.4.mlp.dropout": 9.928626575689207e-06,
    "transformer.h.5.ln_1": 0.00014072451098211882,
    "transformer.h.5.attn.c_attn": 0.0025056888317239695,
    "transformer.h.5.attn.c_proj": 0.0009325345357259115,
    "transformer.h.5.attn.attn_dropout": 1.1068651045875988e-05,
    "transformer.h.5.attn.resid_dropout": 9.936847906003054e-06,
    "transformer.h.5.ln_2": 0.0001203082073693988,
    "transformer.h.5.mlp.c_fc": 0.0033177370312570155,
    "transformer.h.5.mlp.c_proj": 0.003299995400439734,
    "transformer.h.5.mlp.act": 1.1235818095590876e-05,
    "transformer.h.5.mlp.dropout": 9.986175887886135e-06,
    "transformer.h.6.ln_1": 0.00013499972464024336,
    "transformer.h.6.attn.c_attn": 0.002510336623794731,
    "transformer.h.6.attn.c_proj": 0.0009068538402688915,
    "transformer.h.6.attn.attn_dropout": 1.1109757697445223e-05,
    "transformer.h.6.attn.resid_dropout": 9.936847906003054e-06,
    "transformer.h.6.ln_2": 0.00011524386789606905,
    "transformer.h.6.mlp.c_fc": 0.003319907462459871,
    "transformer.h.6.mlp.c_proj": 0.0033008641210095636,
    "transformer.h.6.mlp.act": 1.1041246611496498e-05,
    "transformer.h.6.mlp.dropout": 1.0073870077900504e-05,
    "transformer.h.7.ln_1": 0.00012365154836369656,
    "transformer.h.7.attn.c_attn": 0.002509150011786099,
    "transformer.h.7.attn.c_proj": 0.0009071854339248832,
    "transformer.h.7.attn.attn_dropout": 1.1071391489313936e-05,
    "transformer.h.7.attn.resid_dropout": 9.909443471623564e-06,
    "transformer.h.7.ln_2": 0.0001293187853933751,
    "transformer.h.7.mlp.c_fc": 0.00331942788485823,
    "transformer.h.7.mlp.c_proj": 0.0033166764796465293,
    "transformer.h.7.mlp.act": 1.1139902575262662e-05,
    "transformer.h.7.mlp.dropout": 1.0071129634462553e-05,
    "transformer.h.8.ln_1": 0.0001283075617647719,
    "transformer.h.8.attn.c_attn": 0.0025087334643835307,
    "transformer.h.8.attn.c_proj": 0.0009047793245863641,
    "transformer.h.8.attn.attn_dropout": 1.1085093706503682e-05,
    "transformer.h.8.attn.resid_dropout": 9.876558150368175e-06,
    "transformer.h.8.ln_2": 0.0001566766322344199,
    "transformer.h.8.mlp.c_fc": 0.0033174821700172863,
    "transformer.h.8.mlp.c_proj": 0.0033005517104576373,
    "transformer.h.8.mlp.act": 1.1090574593379579e-05,
    "transformer.h.8.mlp.dropout": 1.000261854851383e-05,
    "transformer.h.9.ln_1": 0.00013148921659623068,
    "transformer.h.9.attn.c_attn": 0.0025089225549807495,
    "transformer.h.9.attn.c_proj": 0.000906662009228235,
    "transformer.h.9.attn.attn_dropout": 1.1071391489313936e-05,
    "transformer.h.9.attn.resid_dropout": 9.945069236316901e-06,
    "transformer.h.9.ln_2": 0.00012834318752946524,
    "transformer.h.9.mlp.c_fc": 0.003317331445628199,
    "transformer.h.9.mlp.c_proj": 0.00329934591534494,
    "transformer.h.9.mlp.act": 1.1076872376189835e-05,
    "transformer.h.9.mlp.dropout": 9.988916331324084e-06,
    "transformer.h.10.ln_1": 0.00013946116655722432,
    "transformer.h.10.attn.c_attn": 0.002508185375695941,
    "transformer.h.10.attn.c_proj": 0.0009061221418709591,
    "transformer.h.10.attn.attn_dropout": 1.1161826122766253e-05,
    "transformer.h.10.attn.resid_dropout": 1.0040984756645115e-05,
    "transformer.h.10.ln_2": 0.00014328956604003906,
    "transformer.h.10.mlp.c_fc": 0.0033185947900530935,
    "transformer.h.10.mlp.c_proj": 0.0032985676294085622,
    "transformer.h.10.mlp.act": 1.111523858432112e-05,
    "transformer.h.10.mlp.dropout": 9.999878105075881e-06,
    "transformer.h.11.ln_1": 0.00015209187036273122,
    "transformer.h.11.attn.c_attn": 0.002516354637584467,
    "transformer.h.11.attn.c_proj": 0.0009078650638974946,
    "transformer.h.11.attn.attn_dropout": 1.1285146077473959e-05,
    "transformer.h.11.attn.resid_dropout": 9.936847906003054e-06,
    "transformer.h.11.ln_2": 0.00012824453156569908,
    "transformer.h.11.mlp.c_fc": 0.0033168902342346892,
    "transformer.h.11.mlp.c_proj": 0.0032988581164129847,
    "transformer.h.11.mlp.act": 1.1392023371553969e-05,
    "transformer.h.11.mlp.dropout": 1.0049206086958962e-05,
    "transformer.ln_f": 0.00014847448502463856,
    "lm_head": 0.052128991861453
}