{
    "transformer.wte": 8.004122766955145e-05,
    "transformer.wpe": 3.0415633629108298e-05,
    "transformer.drop": 6.831267784381735e-05,
    "transformer.h.0.ln_1": 8.484577310496364e-05,
    "transformer.h.0.attn.c_attn": 0.0019173079523546943,
    "transformer.h.0.attn.c_proj": 0.0002587778814907732,
    "transformer.h.0.attn.attn_dropout": 0.000675928181615369,
    "transformer.h.0.attn.resid_dropout": 7.202707487961342e-05,
    "transformer.h.0.ln_2": 8.253557928677263e-05,
    "transformer.h.0.mlp.c_fc": 0.0006509616457182786,
    "transformer.h.0.mlp.c_proj": 0.0006448877268824085,
    "transformer.h.0.mlp.act": 0.0005819978385136045,
    "transformer.h.0.mlp.dropout": 7.238223634917161e-05,
    "transformer.h.1.ln_1": 8.408283365183863e-05,
    "transformer.h.1.attn.c_attn": 0.0019166979296454069,
    "transformer.h.1.attn.c_proj": 0.00025882720947265623,
    "transformer.h.1.attn.attn_dropout": 0.0006790046034188107,
    "transformer.h.1.attn.resid_dropout": 7.33983927759631e-05,
    "transformer.h.1.ln_2": 8.056081574538658e-05,
    "transformer.h.1.mlp.c_fc": 0.000648962218185951,
    "transformer.h.1.mlp.c_proj": 0.0006513612023715315,
    "transformer.h.1.mlp.act": 0.0005836355275121228,
    "transformer.h.1.mlp.dropout": 7.909741894952182e-05,
    "transformer.h.2.ln_1": 9.457818393049569e-05,
    "transformer.h.2.attn.c_attn": 0.0019298980975973195,
    "transformer.h.2.attn.c_proj": 0.0002678081907075027,
    "transformer.h.2.attn.attn_dropout": 0.0006875679410737137,
    "transformer.h.2.attn.resid_dropout": 7.87817198654701e-05,
    "transformer.h.2.ln_2": 9.176484469709725e-05,
    "transformer.h.2.mlp.c_fc": 0.0006529364092596646,
    "transformer.h.2.mlp.c_proj": 0.0006445013243576576,
    "transformer.h.2.mlp.act": 0.0005817232460811221,
    "transformer.h.2.mlp.dropout": 7.069357510270744e-05,
    "transformer.h.3.ln_1": 8.110671207822602e-05,
    "transformer.h.3.attn.c_attn": 0.0019149434977564319,
    "transformer.h.3.attn.c_proj": 0.00025648906313139816,
    "transformer.h.3.attn.attn_dropout": 0.0006729175304544383,
    "transformer.h.3.attn.resid_dropout": 6.837022715601428e-05,
    "transformer.h.3.ln_2": 8.848782243399784e-05,
    "transformer.h.3.mlp.c_fc": 0.0006451491651863888,
    "transformer.h.3.mlp.c_proj": 0.0006434309071507948,
    "transformer.h.3.mlp.act": 0.0005789723889581089,
    "transformer.h.3.mlp.dropout": 6.971359252929687e-05,
    "transformer.h.4.ln_1": 7.938023271231815e-05,
    "transformer.h.4.attn.c_attn": 0.0019143416963774583,
    "transformer.h.4.attn.c_proj": 0.00025530848009832973,
    "transformer.h.4.attn.attn_dropout": 0.0006732134983457368,
    "transformer.h.4.attn.resid_dropout": 6.761550903320313e-05,
    "transformer.h.4.ln_2": 7.340168130808864e-05,
    "transformer.h.4.mlp.c_fc": 0.0006443648502744478,
    "transformer.h.4.mlp.c_proj": 0.0006429376273319639,
    "transformer.h.4.mlp.act": 0.0005791055745091932,
    "transformer.h.4.mlp.dropout": 6.923017830684268e-05,
    "transformer.h.5.ln_1": 7.83838074782799e-05,
    "transformer.h.5.attn.c_attn": 0.0019142956569277007,
    "transformer.h.5.attn.c_proj": 0.000255990850514379,
    "transformer.h.5.attn.attn_dropout": 0.000673226652474239,
    "transformer.h.5.attn.resid_dropout": 6.824855146736934e-05,
    "transformer.h.5.ln_2": 7.409062878838901e-05,
    "transformer.h.5.mlp.c_fc": 0.0006468460477631668,
    "transformer.h.5.mlp.c_proj": 0.0006426285053121632,
    "transformer.h.5.mlp.act": 0.0005791680566195784,
    "transformer.h.5.mlp.dropout": 6.91265895448882e-05,
    "transformer.h.6.ln_1": 7.792670151283002e-05,
    "transformer.h.6.attn.c_attn": 0.001914394312891467,
    "transformer.h.6.attn.c_proj": 0.00025654990097572064,
    "transformer.h.6.attn.attn_dropout": 0.0006730375618770205,
    "transformer.h.6.attn.resid_dropout": 6.76270188956425e-05,
    "transformer.h.6.ln_2": 7.281303405761718e-05,
    "transformer.h.6.mlp.c_fc": 0.0006446871264227505,
    "transformer.h.6.mlp.c_proj": 0.0006429672241210938,
    "transformer.h.6.mlp.act": 0.000578821116480334,
    "transformer.h.6.mlp.dropout": 6.930745881179283e-05,
    "transformer.h.7.ln_1": 7.787408499882138e-05,
    "transformer.h.7.attn.c_attn": 0.0019139191199993265,
    "transformer.h.7.attn.c_proj": 0.00025525750785038387,
    "transformer.h.7.attn.attn_dropout": 0.0006735801696777343,
    "transformer.h.7.attn.resid_dropout": 6.827650399043643e-05,
    "transformer.h.7.ln_2": 7.25384416251347e-05,
    "transformer.h.7.mlp.c_fc": 0.0006441938466039197,
    "transformer.h.7.mlp.c_proj": 0.0006455158365183863,
    "transformer.h.7.mlp.act": 0.0005793966096023033,
    "transformer.h.7.mlp.dropout": 6.992241431926859e-05,
    "transformer.h.8.ln_1": 7.802700174265894e-05,
    "transformer.h.8.attn.c_attn": 0.0019141674041748048,
    "transformer.h.8.attn.c_proj": 0.0002552147569327519,
    "transformer.h.8.attn.attn_dropout": 0.0006732085655475485,
    "transformer.h.8.attn.resid_dropout": 6.83636500917632e-05,
    "transformer.h.8.ln_2": 7.29462196087015e-05,
    "transformer.h.8.mlp.c_fc": 0.0006437877128864156,
    "transformer.h.8.mlp.c_proj": 0.0006431694688468144,
    "transformer.h.8.mlp.act": 0.0005782078052389211,
    "transformer.h.8.mlp.dropout": 6.952614619814117e-05,
    "transformer.h.9.ln_1": 7.721473430765087e-05,
    "transformer.h.9.attn.c_attn": 0.0019142068665603112,
    "transformer.h.9.attn.c_proj": 0.00025503553193191,
    "transformer.h.9.attn.attn_dropout": 0.0006728303843531115,
    "transformer.h.9.attn.resid_dropout": 6.814002990722657e-05,
    "transformer.h.9.ln_2": 7.259599093733163e-05,
    "transformer.h.9.mlp.c_fc": 0.0006438913016483702,
    "transformer.h.9.mlp.c_proj": 0.000643735096372407,
    "transformer.h.9.mlp.act": 0.0005787306818468818,
    "transformer.h.9.mlp.dropout": 8.355009144750134e-05,
    "transformer.h.10.ln_1": 7.76323778875943e-05,
    "transformer.h.10.attn.c_attn": 0.0019150750390414535,
    "transformer.h.10.attn.c_proj": 0.0002551062353726091,
    "transformer.h.10.attn.attn_dropout": 0.0006734996006406587,
    "transformer.h.10.attn.resid_dropout": 6.806768220046471e-05,
    "transformer.h.10.ln_2": 7.394922190699084e-05,
    "transformer.h.10.mlp.c_fc": 0.0006448285333041487,
    "transformer.h.10.mlp.c_proj": 0.0006434670810041757,
    "transformer.h.10.mlp.act": 0.0005787816540948276,
    "transformer.h.10.mlp.dropout": 7.120823038035425e-05,
    "transformer.h.11.ln_1": 7.891654968261719e-05,
    "transformer.h.11.attn.c_attn": 0.0019171566798769195,
    "transformer.h.11.attn.c_proj": 0.0002565367468472185,
    "transformer.h.11.attn.attn_dropout": 0.0006783205887366985,
    "transformer.h.11.attn.resid_dropout": 7.138909964725889e-05,
    "transformer.h.11.ln_2": 7.66967904978785e-05,
    "transformer.h.11.mlp.c_fc": 0.0006478556271257072,
    "transformer.h.11.mlp.c_proj": 0.0006475021099222117,
    "transformer.h.11.mlp.act": 0.0005822198144320783,
    "transformer.h.11.mlp.dropout": 6.608634159482758e-05,
    "transformer.ln_f": 0.00011101262322787581,
    "lm_head": 0.011343528484476024
}