{
  "algorithm_times": {
    "H_5": {
      "sgd": 18.291320042304292,
      "pipe_sgd": 12.493991455935772,
      "localsgd": 6.682169548100824,
      "pipe_seq_localsgd": 4.892535662382428,
      "dream_ddp": 4.625383668352361
    }
  },
  "speedups": {
    "H_5": {
      "over_pipe_sgd": 2.701179480833498,
      "over_localsgd": 1.4446735724479098
    }
  }
}