{
    "transformer.wte": 1.4108086907586386,
    "transformer.wpe": 0.0412790109944898,
    "transformer.drop": 1.5330869098042333e-05,
    "transformer.h.0.ln_1": 0.0020628141802410747,
    "transformer.h.0.attn.c_attn": 0.0665134496467058,
    "transformer.h.0.attn.c_proj": 0.055339469466098516,
    "transformer.h.0.attn.attn_dropout": 1.3229458831077399e-05,
    "transformer.h.0.attn.resid_dropout": 1.0263088137604469e-05,
    "transformer.h.0.ln_2": 0.00047017252722451853,
    "transformer.h.0.mlp.c_fc": 0.08983808894490086,
    "transformer.h.0.mlp.c_proj": 0.08988291718239008,
    "transformer.h.0.mlp.act": 1.3517778973246729e-05,
    "transformer.h.0.mlp.dropout": 1.1227851690248001e-05,
    "transformer.h.1.ln_1": 0.0005670647288477698,
    "transformer.h.1.attn.c_attn": 0.06740670425947322,
    "transformer.h.1.attn.c_proj": 0.054254232450973154,
    "transformer.h.1.attn.attn_dropout": 1.2514203093772711e-05,
    "transformer.h.1.attn.resid_dropout": 1.0446060535519622e-05,
    "transformer.h.1.ln_2": 0.0004803524460903434,
    "transformer.h.1.mlp.c_fc": 0.0895454717236896,
    "transformer.h.1.mlp.c_proj": 0.08830728087314339,
    "transformer.h.1.mlp.act": 1.1660331903501999e-05,
    "transformer.h.1.mlp.dropout": 1.0834183803824491e-05,
    "transformer.h.2.ln_1": 0.00045759733333144075,
    "transformer.h.2.attn.c_attn": 0.06746819407440895,
    "transformer.h.2.attn.c_proj": 0.05375149083691974,
    "transformer.h.2.attn.attn_dropout": 1.2159347534179688e-05,
    "transformer.h.2.attn.resid_dropout": 1.0191008102062137e-05,
    "transformer.h.2.ln_2": 0.00048108988030012265,
    "transformer.h.2.mlp.c_fc": 0.08929896909137104,
    "transformer.h.2.mlp.c_proj": 0.0886475263639938,
    "transformer.h.2.mlp.act": 1.1671421139739281e-05,
    "transformer.h.2.mlp.dropout": 1.1011611583621003e-05,
    "transformer.h.3.ln_1": 0.0004819881084353425,
    "transformer.h.3.attn.c_attn": 0.06689634988474291,
    "transformer.h.3.attn.c_proj": 0.053196640901787336,
    "transformer.h.3.attn.attn_dropout": 1.1821125828942588e-05,
    "transformer.h.3.attn.resid_dropout": 1.0257543519485829e-05,
    "transformer.h.3.ln_2": 0.0004753456559292106,
    "transformer.h.3.mlp.c_fc": 0.08998248743456463,
    "transformer.h.3.mlp.c_proj": 0.08905445143233898,
    "transformer.h.3.mlp.act": 1.177676888399346e-05,
    "transformer.h.3.mlp.dropout": 1.0778737622638082e-05,
    "transformer.h.4.ln_1": 0.00047875005145405614,
    "transformer.h.4.attn.c_attn": 0.06764488441999568,
    "transformer.h.4.attn.c_proj": 0.05335097534711971,
    "transformer.h.4.attn.attn_dropout": 1.1859938155773074e-05,
    "transformer.h.4.attn.resid_dropout": 1.0146651157113009e-05,
    "transformer.h.4.ln_2": 0.00046689011329828305,
    "transformer.h.4.mlp.c_fc": 0.08821189126303029,
    "transformer.h.4.mlp.c_proj": 0.08881128666012786,
    "transformer.h.4.mlp.act": 1.1516171832417333e-05,
    "transformer.h.4.mlp.dropout": 1.0706657587095749e-05,
    "transformer.h.5.ln_1": 0.0004563719727272211,
    "transformer.h.5.attn.c_attn": 0.06746239994847497,
    "transformer.h.5.attn.c_proj": 0.053732872009277344,
    "transformer.h.5.attn.attn_dropout": 1.2325686077738917e-05,
    "transformer.h.5.attn.resid_dropout": 1.0102294212163881e-05,
    "transformer.h.5.ln_2": 0.0004521247952483421,
    "transformer.h.5.mlp.c_fc": 0.09022886808528456,
    "transformer.h.5.mlp.c_proj": 0.0889896459357683,
    "transformer.h.5.mlp.act": 1.1654787285383357e-05,
    "transformer.h.5.mlp.dropout": 1.138310099756995e-05,
    "transformer.h.6.ln_1": 0.00047068817670955213,
    "transformer.h.6.attn.c_attn": 0.06745473728623501,
    "transformer.h.6.attn.c_proj": 0.053410064342410066,
    "transformer.h.6.attn.attn_dropout": 1.1915384336959484e-05,
    "transformer.h.6.attn.resid_dropout": 1.0102294212163881e-05,
    "transformer.h.6.ln_2": 0.000468775283458621,
    "transformer.h.6.mlp.c_fc": 0.08875223647716433,
    "transformer.h.6.mlp.c_proj": 0.08778451209844546,
    "transformer.h.6.mlp.act": 1.1787858120230741e-05,
    "transformer.h.6.mlp.dropout": 1.0778737622638082e-05,
    "transformer.h.7.ln_1": 0.0004506665606831395,
    "transformer.h.7.attn.c_attn": 0.06591521861941316,
    "transformer.h.7.attn.c_proj": 0.053714170012363165,
    "transformer.h.7.attn.attn_dropout": 1.1826670447061228e-05,
    "transformer.h.7.attn.resid_dropout": 1.020764195641806e-05,
    "transformer.h.7.ln_2": 0.0004671008087867914,
    "transformer.h.7.mlp.c_fc": 0.08901461889577467,
    "transformer.h.7.mlp.c_proj": 0.08783083183820857,
    "transformer.h.7.mlp.act": 1.1355377906976744e-05,
    "transformer.h.7.mlp.dropout": 1.0584675988485647e-05,
    "transformer.h.8.ln_1": 0.00046091301496638807,
    "transformer.h.8.attn.c_attn": 0.06643069622128508,
    "transformer.h.8.attn.c_proj": 0.05385796968327012,
    "transformer.h.8.attn.attn_dropout": 1.2159347534179688e-05,
    "transformer.h.8.attn.resid_dropout": 1.0130017302757086e-05,
    "transformer.h.8.ln_2": 0.00046346353930096294,
    "transformer.h.8.mlp.c_fc": 0.08966707628826763,
    "transformer.h.8.mlp.c_proj": 0.08907177836395973,
    "transformer.h.8.mlp.act": 1.1571618013603743e-05,
    "transformer.h.8.mlp.dropout": 1.077319300451944e-05,
    "transformer.h.9.ln_1": 0.00046387938565986103,
    "transformer.h.9.attn.c_attn": 0.06730852016182833,
    "transformer.h.9.attn.c_proj": 0.05372077919716059,
    "transformer.h.9.attn.attn_dropout": 1.2015187463095022e-05,
    "transformer.h.9.attn.resid_dropout": 1.020764195641806e-05,
    "transformer.h.9.ln_2": 0.00046629129454146985,
    "transformer.h.9.mlp.c_fc": 0.08997222989104516,
    "transformer.h.9.mlp.c_proj": 0.089890391327614,
    "transformer.h.9.mlp.act": 1.1543894923010537e-05,
    "transformer.h.9.mlp.dropout": 1.0701112968977107e-05,
    "transformer.h.10.ln_1": 0.0004629146221072175,
    "transformer.h.10.attn.c_attn": 0.06720911624819734,
    "transformer.h.10.attn.c_proj": 0.05267840762471044,
    "transformer.h.10.attn.attn_dropout": 1.206508902616279e-05,
    "transformer.h.10.attn.resid_dropout": 1.0235365047011265e-05,
    "transformer.h.10.ln_2": 0.00046276491741801417,
    "transformer.h.10.mlp.c_fc": 0.09024210308873376,
    "transformer.h.10.mlp.c_proj": 0.08941323258156,
    "transformer.h.10.mlp.act": 1.1549439541129179e-05,
    "transformer.h.10.mlp.dropout": 1.0778737622638082e-05,
    "transformer.h.11.ln_1": 0.0004655815834222838,
    "transformer.h.11.attn.c_attn": 0.06715610969898313,
    "transformer.h.11.attn.c_proj": 0.05320770241493403,
    "transformer.h.11.attn.attn_dropout": 1.2297962987145713e-05,
    "transformer.h.11.attn.resid_dropout": 1.0229820428892624e-05,
    "transformer.h.11.ln_2": 0.0004580908043439998,
    "transformer.h.11.mlp.c_fc": 0.09017810156179029,
    "transformer.h.11.mlp.c_proj": 0.08909924085750136,
    "transformer.h.11.mlp.act": 1.1654787285383357e-05,
    "transformer.h.11.mlp.dropout": 1.093953154807867e-05,
    "transformer.ln_f": 0.00047221294669217844,
    "lm_head": 1.3880706886912502
}