{
    "transformer.wte": 7.692123281544652e-05,
    "transformer.wpe": 2.877301183240167e-05,
    "transformer.drop": 6.588820753426388e-05,
    "transformer.h.0.ln_1": 8.017523535366716e-05,
    "transformer.h.0.attn.c_attn": 0.00191612983572072,
    "transformer.h.0.attn.c_proj": 0.0002567718768941945,
    "transformer.h.0.attn.attn_dropout": 0.0006738448965138402,
    "transformer.h.0.attn.resid_dropout": 6.947352968413254e-05,
    "transformer.h.0.ln_2": 7.693356481091729e-05,
    "transformer.h.0.mlp.c_fc": 0.0006471206401956493,
    "transformer.h.0.mlp.c_proj": 0.0006436742585280846,
    "transformer.h.0.mlp.act": 0.0005803922127033103,
    "transformer.h.0.mlp.dropout": 7.044775732632341e-05,
    "transformer.h.1.ln_1": 8.053204108928812e-05,
    "transformer.h.1.attn.c_attn": 0.0019158823736782733,
    "transformer.h.1.attn.c_proj": 0.0002565466124435951,
    "transformer.h.1.attn.attn_dropout": 0.0006733697036216999,
    "transformer.h.1.attn.resid_dropout": 6.897778346620757e-05,
    "transformer.h.1.ln_2": 7.498182099441002e-05,
    "transformer.h.1.mlp.c_fc": 0.0006461472346864898,
    "transformer.h.1.mlp.c_proj": 0.0006437794915561018,
    "transformer.h.1.mlp.act": 0.0005800666480228818,
    "transformer.h.1.mlp.dropout": 7.094679207637393e-05,
    "transformer.h.2.ln_1": 8.067180370462352e-05,
    "transformer.h.2.attn.c_attn": 0.0019163789420292296,
    "transformer.h.2.attn.c_proj": 0.0002603884400992558,
    "transformer.h.2.attn.attn_dropout": 0.0006750896059233567,
    "transformer.h.2.attn.resid_dropout": 6.98517108785695e-05,
    "transformer.h.2.ln_2": 7.761757949302937e-05,
    "transformer.h.2.mlp.c_fc": 0.000652420109715955,
    "transformer.h.2.mlp.c_proj": 0.0006442513959161166,
    "transformer.h.2.mlp.act": 0.0005814461872495454,
    "transformer.h.2.mlp.dropout": 7.012219264589508e-05,
    "transformer.h.3.ln_1": 7.965071447964373e-05,
    "transformer.h.3.attn.c_attn": 0.00191602295842664,
    "transformer.h.3.attn.c_proj": 0.00025715745728591393,
    "transformer.h.3.attn.attn_dropout": 0.0006736722485772494,
    "transformer.h.3.attn.resid_dropout": 6.922031271046606e-05,
    "transformer.h.3.ln_2": 8.805949112464642e-05,
    "transformer.h.3.mlp.c_fc": 0.0006456679311291925,
    "transformer.h.3.mlp.c_proj": 0.0006440499733234274,
    "transformer.h.3.mlp.act": 0.0005794590917126886,
    "transformer.h.3.mlp.dropout": 6.992981351655105e-05,
    "transformer.h.4.ln_1": 7.949944200186894e-05,
    "transformer.h.4.attn.c_attn": 0.0019156283345715753,
    "transformer.h.4.attn.c_proj": 0.00025571214741673963,
    "transformer.h.4.attn.attn_dropout": 0.0006730293405467066,
    "transformer.h.4.attn.resid_dropout": 6.865715158396754e-05,
    "transformer.h.4.ln_2": 7.400841548525053e-05,
    "transformer.h.4.mlp.c_fc": 0.0006454032042930866,
    "transformer.h.4.mlp.c_proj": 0.000644102589837436,
    "transformer.h.4.mlp.act": 0.0005791162622386011,
    "transformer.h.4.mlp.dropout": 7.026935445851293e-05,
    "transformer.h.5.ln_1": 7.975019257644127e-05,
    "transformer.h.5.attn.c_attn": 0.001915670263356176,
    "transformer.h.5.attn.c_proj": 0.00025593083480308796,
    "transformer.h.5.attn.attn_dropout": 0.0006727983211648875,
    "transformer.h.5.attn.resid_dropout": 6.878129367170663e-05,
    "transformer.h.5.ln_2": 7.385714300747576e-05,
    "transformer.h.5.mlp.c_fc": 0.0006457723420241784,
    "transformer.h.5.mlp.c_proj": 0.00064317275737894,
    "transformer.h.5.mlp.act": 0.0005790883097155341,
    "transformer.h.5.mlp.dropout": 7.0158366499276e-05,
    "transformer.h.6.ln_1": 7.938598764353785e-05,
    "transformer.h.6.attn.c_attn": 0.0019151227227572737,
    "transformer.h.6.attn.c_proj": 0.0002558371116375101,
    "transformer.h.6.attn.attn_dropout": 0.000673051538138554,
    "transformer.h.6.attn.resid_dropout": 6.817127096241918e-05,
    "transformer.h.6.ln_2": 7.328411628460061e-05,
    "transformer.h.6.mlp.c_fc": 0.000645649844202502,
    "transformer.h.6.mlp.c_proj": 0.0006432788125399886,
    "transformer.h.6.mlp.act": 0.0005787150613192854,
    "transformer.h.6.mlp.dropout": 6.99865406957166e-05,
    "transformer.h.7.ln_1": 7.789217192551185e-05,
    "transformer.h.7.attn.c_attn": 0.0019135935553188982,
    "transformer.h.7.attn.c_proj": 0.000255941522532496,
    "transformer.h.7.attn.attn_dropout": 0.0006726791118753367,
    "transformer.h.7.attn.resid_dropout": 6.881335685993064e-05,
    "transformer.h.7.ln_2": 7.279248073183257e-05,
    "transformer.h.7.mlp.c_fc": 0.0006449674737864528,
    "transformer.h.7.mlp.c_proj": 0.0006457715198911469,
    "transformer.h.7.mlp.act": 0.0005788942863201273,
    "transformer.h.7.mlp.dropout": 7.005724413641568e-05,
    "transformer.h.8.ln_1": 7.769897066313644e-05,
    "transformer.h.8.attn.c_attn": 0.0019158675752837082,
    "transformer.h.8.attn.c_proj": 0.0002553964483326879,
    "transformer.h.8.attn.attn_dropout": 0.0006730803127946524,
    "transformer.h.8.attn.resid_dropout": 6.813674137510103e-05,
    "transformer.h.8.ln_2": 7.275219621329471e-05,
    "transformer.h.8.mlp.c_fc": 0.000644516944885254,
    "transformer.h.8.mlp.c_proj": 0.0006434917449951172,
    "transformer.h.8.mlp.act": 0.0005789896537517679,
    "transformer.h.8.mlp.dropout": 7.009835078798491e-05,
    "transformer.h.9.ln_1": 7.783708901240908e-05,
    "transformer.h.9.attn.c_attn": 0.0019168122061367693,
    "transformer.h.9.attn.c_proj": 0.0002556767956963901,
    "transformer.h.9.attn.attn_dropout": 0.0006729273960508149,
    "transformer.h.9.attn.resid_dropout": 6.855602922110722e-05,
    "transformer.h.9.ln_2": 7.376670837402343e-05,
    "transformer.h.9.mlp.c_fc": 0.0006447454978679789,
    "transformer.h.9.mlp.c_proj": 0.0006442546844482421,
    "transformer.h.9.mlp.act": 0.0005792116296702418,
    "transformer.h.9.mlp.dropout": 8.052710829109981e-05,
    "transformer.h.10.ln_1": 7.85391906212116e-05,
    "transformer.h.10.attn.c_attn": 0.0019156258681724812,
    "transformer.h.10.attn.c_proj": 0.0002555263453516467,
    "transformer.h.10.attn.attn_dropout": 0.0006741162004141972,
    "transformer.h.10.attn.resid_dropout": 6.820086775154903e-05,
    "transformer.h.10.ln_2": 7.341976823477909e-05,
    "transformer.h.10.mlp.c_fc": 0.0006457123263128873,
    "transformer.h.10.mlp.c_proj": 0.0006438493728637695,
    "transformer.h.10.mlp.act": 0.0005795528148782664,
    "transformer.h.10.mlp.dropout": 7.058176501043912e-05,
    "transformer.h.11.ln_1": 7.859673993340853e-05,
    "transformer.h.11.attn.c_attn": 0.0019178998881372912,
    "transformer.h.11.attn.c_proj": 0.0002569782322850721,
    "transformer.h.11.attn.attn_dropout": 0.0006765875323065396,
    "transformer.h.11.attn.resid_dropout": 7.041816053719357e-05,
    "transformer.h.11.ln_2": 7.53484923264076e-05,
    "transformer.h.11.mlp.c_fc": 0.0006474314064815127,
    "transformer.h.11.mlp.c_proj": 0.0006470778892780172,
    "transformer.h.11.mlp.act": 0.0005813697288776266,
    "transformer.h.11.mlp.dropout": 6.307980109905375e-05,
    "transformer.ln_f": 0.00010232925415039062,
    "lm_head": 0.011265654399477203
}