{
    "model.embed_tokens": 4.552219105863023e-05,
    "model.layers.0.self_attn.q_proj": 0.00015672596021630298,
    "model.layers.0.self_attn.k_proj": 0.0001420132045088143,
    "model.layers.0.self_attn.v_proj": 0.0007941770827633211,
    "model.layers.0.self_attn.o_proj": 0.00016763292509933998,
    "model.layers.0.self_attn.rotary_emb": NaN,
    "model.layers.0.mlp.gate_proj": 0.0012237436469944045,
    "model.layers.0.mlp.up_proj": 0.001597020817899156,
    "model.layers.0.mlp.down_proj": 0.0011990570473945003,
    "model.layers.0.mlp.act_fn": 0.0002399333592118888,
    "model.layers.0.input_layernorm": 0.00027116756329591247,
    "model.layers.0.post_attention_layernorm": 0.0002764477126899807,
    "model.layers.1.self_attn.q_proj": 0.00015734530043327944,
    "model.layers.1.self_attn.k_proj": 0.00014214063512867894,
    "model.layers.1.self_attn.v_proj": 0.0007965414003394116,
    "model.layers.1.self_attn.o_proj": 0.00016643740664953473,
    "model.layers.1.self_attn.rotary_emb": NaN,
    "model.layers.1.mlp.gate_proj": 0.0012320081392923992,
    "model.layers.1.mlp.up_proj": 0.0016063760066854543,
    "model.layers.1.mlp.down_proj": 0.0012073907358893033,
    "model.layers.1.mlp.act_fn": 0.00023948187115548672,
    "model.layers.1.input_layernorm": 0.00026946163725578924,
    "model.layers.1.post_attention_layernorm": 0.0002733112751752481,
    "model.layers.2.self_attn.q_proj": 0.00015886213587618423,
    "model.layers.2.self_attn.k_proj": 0.00014270311114431797,
    "model.layers.2.self_attn.v_proj": 0.0008031753287918266,
    "model.layers.2.self_attn.o_proj": 0.0001674815155993933,
    "model.layers.2.self_attn.rotary_emb": NaN,
    "model.layers.2.mlp.gate_proj": 0.0012430254070238136,
    "model.layers.2.mlp.up_proj": 0.001618906684305476,
    "model.layers.2.mlp.down_proj": 0.0012172953835849103,
    "model.layers.2.mlp.act_fn": 0.00023939417696547234,
    "model.layers.2.input_layernorm": 0.00027142516497907966,
    "model.layers.2.post_attention_layernorm": 0.00027435606923596615,
    "model.layers.3.self_attn.q_proj": 0.0001589114638580673,
    "model.layers.3.self_attn.k_proj": 0.0001438945189289663,
    "model.layers.3.self_attn.v_proj": 0.0008085465979302067,
    "model.layers.3.self_attn.o_proj": 0.00016855439920535032,
    "model.layers.3.self_attn.rotary_emb": NaN,
    "model.layers.3.mlp.gate_proj": 0.0012557746350080118,
    "model.layers.3.mlp.up_proj": 0.0016345710589967925,
    "model.layers.3.mlp.down_proj": 0.0012302213701708563,
    "model.layers.3.mlp.act_fn": 0.00023931196366233388,
    "model.layers.3.input_layernorm": 0.0002708770762914899,
    "model.layers.3.post_attention_layernorm": 0.00027436703100971793,
    "model.layers.4.self_attn.q_proj": 0.00016043035463355053,
    "model.layers.4.self_attn.k_proj": 0.00014504619028376438,
    "model.layers.4.self_attn.v_proj": 0.0008145577606113478,
    "model.layers.4.self_attn.o_proj": 0.0001687756900129647,
    "model.layers.4.self_attn.rotary_emb": NaN,
    "model.layers.4.mlp.gate_proj": 0.0012652161477626055,
    "model.layers.4.mlp.up_proj": 0.001640491101933622,
    "model.layers.4.mlp.down_proj": 0.0012432823235961213,
    "model.layers.4.mlp.act_fn": 0.0002394167856238354,
    "model.layers.4.input_layernorm": 0.0002692800828780251,
    "model.layers.4.post_attention_layernorm": 0.00027327976007571165,
    "model.layers.5.self_attn.q_proj": 0.00016085580847729212,
    "model.layers.5.self_attn.k_proj": 0.00014578405467943214,
    "model.layers.5.self_attn.v_proj": 0.0008219829921064706,
    "model.layers.5.self_attn.o_proj": 0.0001700177960012151,
    "model.layers.5.self_attn.rotary_emb": NaN,
    "model.layers.5.mlp.gate_proj": 0.0012788066918822541,
    "model.layers.5.mlp.up_proj": 0.001653027945551379,
    "model.layers.5.mlp.down_proj": 0.001263089563654757,
    "model.layers.5.mlp.act_fn": 0.000239977206306896,
    "model.layers.5.input_layernorm": 0.00027083459941820167,
    "model.layers.5.post_attention_layernorm": 0.0002753727737514452,
    "model.layers.6.self_attn.q_proj": 0.00016212805934335994,
    "model.layers.6.self_attn.k_proj": 0.000146112907891986,
    "model.layers.6.self_attn.v_proj": 0.0008235114744339866,
    "model.layers.6.self_attn.o_proj": 0.00016954918017332582,
    "model.layers.6.self_attn.rotary_emb": NaN,
    "model.layers.6.mlp.gate_proj": 0.0012618522534425232,
    "model.layers.6.mlp.up_proj": 0.0016242491787877575,
    "model.layers.6.mlp.down_proj": 0.001224007414675307,
    "model.layers.6.mlp.act_fn": 0.0002398367585807011,
    "model.layers.6.input_layernorm": 0.0002723822648497834,
    "model.layers.6.post_attention_layernorm": 0.00027735137391364436,
    "model.layers.7.self_attn.q_proj": 0.00015923278085116683,
    "model.layers.7.self_attn.k_proj": 0.00014365610034986474,
    "model.layers.7.self_attn.v_proj": 0.0008067872332430434,
    "model.layers.7.self_attn.o_proj": 0.00016844615168955135,
    "model.layers.7.self_attn.rotary_emb": NaN,
    "model.layers.7.mlp.gate_proj": 0.0012193966185909577,
    "model.layers.7.mlp.up_proj": 0.0015784262240618125,
    "model.layers.7.mlp.down_proj": 0.0011753707096494477,
    "model.layers.7.mlp.act_fn": 0.0002422229997042952,
    "model.layers.7.input_layernorm": 0.00027716296842728537,
    "model.layers.7.post_attention_layernorm": 0.0002837229049068758,
    "model.norm": 0.0002964193793548935,
    "lm_head": 0.005091686358397034
}