{
    "model.embed_tokens": 3.7012429072939116e-05,
    "model.layers.0.self_attn.q_proj": 0.0001449475343199982,
    "model.layers.0.self_attn.k_proj": 0.0001315097699220153,
    "model.layers.0.self_attn.v_proj": 0.0007689115644871503,
    "model.layers.0.self_attn.o_proj": 0.000151889077548323,
    "model.layers.0.self_attn.rotary_emb": 0,
    "model.layers.0.mlp.gate_proj": 0.0011887824398347702,
    "model.layers.0.mlp.up_proj": 0.0015665758615252615,
    "model.layers.0.mlp.down_proj": 0.0011666725421773977,
    "model.layers.0.mlp.act_fn": 0.0002328479427030717,
    "model.layers.0.input_layernorm": 0.0002339105496461364,
    "model.layers.0.post_attention_layernorm": 0.00023844187287078505,
    "model.layers.1.self_attn.q_proj": 0.00014471254129519407,
    "model.layers.1.self_attn.k_proj": 0.0001302690341554839,
    "model.layers.1.self_attn.v_proj": 0.0007679983117114538,
    "model.layers.1.self_attn.o_proj": 0.00015090320302152085,
    "model.layers.1.self_attn.rotary_emb": 0,
    "model.layers.1.mlp.gate_proj": 0.0011920737124037468,
    "model.layers.1.mlp.up_proj": 0.0015713997270869113,
    "model.layers.1.mlp.down_proj": 0.0011719287126913838,
    "model.layers.1.mlp.act_fn": 0.00023223613870554957,
    "model.layers.1.input_layernorm": 0.000231111871785131,
    "model.layers.1.post_attention_layernorm": 0.00023355292177748406,
    "model.layers.2.self_attn.q_proj": 0.00014674869076959017,
    "model.layers.2.self_attn.k_proj": 0.00013160979610750046,
    "model.layers.2.self_attn.v_proj": 0.0007763320002062567,
    "model.layers.2.self_attn.o_proj": 0.00015393961435076833,
    "model.layers.2.self_attn.rotary_emb": 0,
    "model.layers.2.mlp.gate_proj": 0.001201009613344039,
    "model.layers.2.mlp.up_proj": 0.0015803527557986907,
    "model.layers.2.mlp.down_proj": 0.001178074842211844,
    "model.layers.2.mlp.act_fn": 0.00023389205165293025,
    "model.layers.2.input_layernorm": 0.00023437642503058775,
    "model.layers.2.post_attention_layernorm": 0.00024037251527282013,
    "model.layers.3.self_attn.q_proj": 0.0001502023346122654,
    "model.layers.3.self_attn.k_proj": 0.0001357005930494988,
    "model.layers.3.self_attn.v_proj": 0.0007889229675819134,
    "model.layers.3.self_attn.o_proj": 0.0001584387373650211,
    "model.layers.3.self_attn.rotary_emb": 0,
    "model.layers.3.mlp.gate_proj": 0.0012108046433021282,
    "model.layers.3.mlp.up_proj": 0.0015938617717260602,
    "model.layers.3.mlp.down_proj": 0.0011889372748890143,
    "model.layers.3.mlp.act_fn": 0.00023501837390592728,
    "model.layers.3.input_layernorm": 0.0002410884561209843,
    "model.layers.3.post_attention_layernorm": 0.0002475428855282137,
    "model.layers.4.self_attn.q_proj": 0.00015260090773133026,
    "model.layers.4.self_attn.k_proj": 0.0001372386669290477,
    "model.layers.4.self_attn.v_proj": 0.000798833781275256,
    "model.layers.4.self_attn.o_proj": 0.00015994118547987663,
    "model.layers.4.self_attn.rotary_emb": 0,
    "model.layers.4.mlp.gate_proj": 0.0012227057040422812,
    "model.layers.4.mlp.up_proj": 0.0016028600177545656,
    "model.layers.4.mlp.down_proj": 0.0012027991229090198,
    "model.layers.4.mlp.act_fn": 0.00023483818974988214,
    "model.layers.4.input_layernorm": 0.00024553893626421346,
    "model.layers.4.post_attention_layernorm": 0.0002502415372037339,
    "model.layers.5.self_attn.q_proj": 0.0001529585355999826,
    "model.layers.5.self_attn.k_proj": 0.00013845131315034012,
    "model.layers.5.self_attn.v_proj": 0.0008031698479049507,
    "model.layers.5.self_attn.o_proj": 0.00016131346253142958,
    "model.layers.5.self_attn.rotary_emb": 0,
    "model.layers.5.mlp.gate_proj": 0.0012390051765003424,
    "model.layers.5.mlp.up_proj": 0.001619047132031671,
    "model.layers.5.mlp.down_proj": 0.0012273740494388274,
    "model.layers.5.mlp.act_fn": 0.0002349382159353673,
    "model.layers.5.input_layernorm": 0.00024429066427822773,
    "model.layers.5.post_attention_layernorm": 0.0002478758494059245,
    "model.layers.6.self_attn.q_proj": 0.0001597493544392202,
    "model.layers.6.self_attn.k_proj": 0.0001434108306621683,
    "model.layers.6.self_attn.v_proj": 0.0008286546016561574,
    "model.layers.6.self_attn.o_proj": 0.0001677774834906918,
    "model.layers.6.self_attn.rotary_emb": 0,
    "model.layers.6.mlp.gate_proj": 0.0012439030340348166,
    "model.layers.6.mlp.up_proj": 0.0016159072689626408,
    "model.layers.6.mlp.down_proj": 0.00124351115062319,
    "model.layers.6.mlp.act_fn": 0.0002385323075042374,
    "model.layers.6.input_layernorm": 0.0002568747805452895,
    "model.layers.6.post_attention_layernorm": 0.000263133953357565,
    "model.layers.7.self_attn.q_proj": 0.0002493097864348313,
    "model.layers.7.self_attn.k_proj": 0.0002200596633998827,
    "model.layers.7.self_attn.v_proj": 0.0012036349581575941,
    "model.layers.7.self_attn.o_proj": 0.00029500188498661435,
    "model.layers.7.self_attn.rotary_emb": 0,
    "model.layers.7.mlp.gate_proj": 0.001258961085615487,
    "model.layers.7.mlp.up_proj": 0.001589833319872275,
    "model.layers.7.mlp.down_proj": 0.0012306351771299866,
    "model.layers.7.mlp.act_fn": 0.00028269797906108285,
    "model.layers.7.input_layernorm": 0.00042999201807482487,
    "model.layers.7.post_attention_layernorm": 0.0005468883733639771,
    "model.norm": 0.0006185872801418962,
    "lm_head": 0.005109068306013085
}