{
  "algorithm_times": {
    "H_10": {
      "sgd": 3.9465039988748707,
      "pipe_sgd": 2.8981038574767197,
      "localsgd": 1.5849826803755622,
      "pipe_seq_localsgd": 1.481336592379551,
      "dream_ddp": 1.4439075216295323
    }
  },
  "speedups": {
    "H_10": {
      "over_pipe_sgd": 2.0071256739531655,
      "over_localsgd": 1.097703735615158
    }
  }
}