{
    "transformer.wte": 6.739682164685479e-05,
    "transformer.wpe": 2.9476757707266972e-05,
    "transformer.drop": 6.478572713917699e-05,
    "transformer.h.0.ln_1": 7.648385804274987e-05,
    "transformer.h.0.attn.c_attn": 0.0016976841564836174,
    "transformer.h.0.attn.c_proj": 0.000214535614539837,
    "transformer.h.0.attn.attn_dropout": 0.0005966334507383149,
    "transformer.h.0.attn.resid_dropout": 6.810303392081425e-05,
    "transformer.h.0.ln_2": 7.30440534394363e-05,
    "transformer.h.0.mlp.c_fc": 0.0005385941472546808,
    "transformer.h.0.mlp.c_proj": 0.000537194876835264,
    "transformer.h.0.mlp.act": 0.0005720689378935715,
    "transformer.h.0.mlp.dropout": 7.005477773732153e-05,
    "transformer.h.1.ln_1": 7.739313717546135e-05,
    "transformer.h.1.attn.c_attn": 0.0017002664763351967,
    "transformer.h.1.attn.c_proj": 0.00021657697085676521,
    "transformer.h.1.attn.attn_dropout": 0.0005980146342310412,
    "transformer.h.1.attn.resid_dropout": 6.938638358280577e-05,
    "transformer.h.1.ln_2": 7.313531020591999e-05,
    "transformer.h.1.mlp.c_fc": 0.0005395881060896248,
    "transformer.h.1.mlp.c_proj": 0.0005388440756962217,
    "transformer.h.1.mlp.act": 0.0005735504216161267,
    "transformer.h.1.mlp.dropout": 7.08728001035493e-05,
    "transformer.h.2.ln_1": 7.87866526636584e-05,
    "transformer.h.2.attn.c_attn": 0.0017040532210777545,
    "transformer.h.2.attn.c_proj": 0.00021606889264336946,
    "transformer.h.2.attn.attn_dropout": 0.0005993053830903152,
    "transformer.h.2.attn.resid_dropout": 6.864235318940261e-05,
    "transformer.h.2.ln_2": 7.330549174341662e-05,
    "transformer.h.2.mlp.c_fc": 0.0005409750445135709,
    "transformer.h.2.mlp.c_proj": 0.0005392633635422279,
    "transformer.h.2.mlp.act": 0.0005727102016580516,
    "transformer.h.2.mlp.dropout": 7.027510938973262e-05,
    "transformer.h.3.ln_1": 7.756825151114629e-05,
    "transformer.h.3.attn.c_attn": 0.001707601547241211,
    "transformer.h.3.attn.c_proj": 0.0002192965869245858,
    "transformer.h.3.attn.attn_dropout": 0.0006004456816048458,
    "transformer.h.3.attn.resid_dropout": 7.008437452645137e-05,
    "transformer.h.3.ln_2": 8.791972850931102e-05,
    "transformer.h.3.mlp.c_fc": 0.0005422386629828092,
    "transformer.h.3.mlp.c_proj": 0.0005406289265073578,
    "transformer.h.3.mlp.act": 0.0005730259007421033,
    "transformer.h.3.mlp.dropout": 7.045269012451172e-05,
    "transformer.h.4.ln_1": 7.7777073301118e-05,
    "transformer.h.4.attn.c_attn": 0.0017101222071154365,
    "transformer.h.4.attn.c_proj": 0.00021727496180041082,
    "transformer.h.4.attn.attn_dropout": 0.0006019074341346478,
    "transformer.h.4.attn.resid_dropout": 6.862673266180631e-05,
    "transformer.h.4.ln_2": 7.316901766020676e-05,
    "transformer.h.4.mlp.c_fc": 0.0005427081009437298,
    "transformer.h.4.mlp.c_proj": 0.0005412710124048693,
    "transformer.h.4.mlp.act": 0.0005728014584245353,
    "transformer.h.4.mlp.dropout": 7.029237418339171e-05,
    "transformer.h.5.ln_1": 7.722542203705886e-05,
    "transformer.h.5.attn.c_attn": 0.0017128788191696693,
    "transformer.h.5.attn.c_proj": 0.0002182590550389783,
    "transformer.h.5.attn.attn_dropout": 0.0006030699302410257,
    "transformer.h.5.attn.resid_dropout": 6.877553874048693e-05,
    "transformer.h.5.ln_2": 7.280399059427196e-05,
    "transformer.h.5.mlp.c_fc": 0.0005450372038216427,
    "transformer.h.5.mlp.c_proj": 0.0005447823425819134,
    "transformer.h.5.mlp.act": 0.0005728458536082301,
    "transformer.h.5.mlp.dropout": 7.138663324816473e-05,
    "transformer.h.6.ln_1": 7.841504853347252e-05,
    "transformer.h.6.attn.c_attn": 0.0017195816697745487,
    "transformer.h.6.attn.c_proj": 0.00021952842843943628,
    "transformer.h.6.attn.attn_dropout": 0.0006054368512383823,
    "transformer.h.6.attn.resid_dropout": 6.858973667539399e-05,
    "transformer.h.6.ln_2": 7.290511295713228e-05,
    "transformer.h.6.mlp.c_fc": 0.0005474896266542632,
    "transformer.h.6.mlp.c_proj": 0.0005451892984324489,
    "transformer.h.6.mlp.act": 0.0005732421217293575,
    "transformer.h.6.mlp.dropout": 7.059491913894128e-05,
    "transformer.h.7.ln_1": 7.72287105691844e-05,
    "transformer.h.7.attn.c_attn": 0.0017226383603852371,
    "transformer.h.7.attn.c_proj": 0.00021926616800242458,
    "transformer.h.7.attn.attn_dropout": 0.0006051449940122407,
    "transformer.h.7.attn.resid_dropout": 6.912576741185681e-05,
    "transformer.h.7.ln_2": 7.210353325153219e-05,
    "transformer.h.7.mlp.c_fc": 0.0005472684728688208,
    "transformer.h.7.mlp.c_proj": 0.0005464726480944403,
    "transformer.h.7.mlp.act": 0.000573025078609072,
    "transformer.h.7.mlp.dropout": 7.114245973784347e-05,
    "transformer.h.8.ln_1": 7.725748522528287e-05,
    "transformer.h.8.attn.c_attn": 0.0017191023662172515,
    "transformer.h.8.attn.c_proj": 0.00021827303130051185,
    "transformer.h.8.attn.attn_dropout": 0.0006041082842596646,
    "transformer.h.8.attn.resid_dropout": 6.874758621741986e-05,
    "transformer.h.8.ln_2": 7.233044196819436e-05,
    "transformer.h.8.mlp.c_fc": 0.0005460385618538692,
    "transformer.h.8.mlp.c_proj": 0.0005439643202156856,
    "transformer.h.8.mlp.act": 0.0005723772377803408,
    "transformer.h.8.mlp.dropout": 7.060231833622373e-05,
    "transformer.h.9.ln_1": 7.664664038296403e-05,
    "transformer.h.9.attn.c_attn": 0.0017196219542930866,
    "transformer.h.9.attn.c_proj": 0.00021776248668802195,
    "transformer.h.9.attn.attn_dropout": 0.0006038476680887157,
    "transformer.h.9.attn.resid_dropout": 6.88043133965854e-05,
    "transformer.h.9.ln_2": 7.237483715188915e-05,
    "transformer.h.9.mlp.c_fc": 0.0005445439240028119,
    "transformer.h.9.mlp.c_proj": 0.0005426184884433088,
    "transformer.h.9.mlp.act": 0.0005723616172527444,
    "transformer.h.9.mlp.dropout": 8.105573983028017e-05,
    "transformer.h.10.ln_1": 7.693767547607422e-05,
    "transformer.h.10.attn.c_attn": 0.0017085585100897428,
    "transformer.h.10.attn.c_proj": 0.00021537254596578663,
    "transformer.h.10.attn.attn_dropout": 0.0005990957391673121,
    "transformer.h.10.attn.resid_dropout": 6.893585468160694e-05,
    "transformer.h.10.ln_2": 7.332029013798155e-05,
    "transformer.h.10.mlp.c_fc": 0.0005394894501258587,
    "transformer.h.10.mlp.c_proj": 0.0005378797136504074,
    "transformer.h.10.mlp.act": 0.0005724364313586005,
    "transformer.h.10.mlp.dropout": 7.197445836560479e-05,
    "transformer.h.11.ln_1": 7.81149699770171e-05,
    "transformer.h.11.attn.c_attn": 0.0016982670488028691,
    "transformer.h.11.attn.c_proj": 0.00021419853999696928,
    "transformer.h.11.attn.attn_dropout": 0.0005978954249414904,
    "transformer.h.11.attn.resid_dropout": 7.107668909533271e-05,
    "transformer.h.11.ln_2": 7.516844519253435e-05,
    "transformer.h.11.mlp.c_fc": 0.0005379076661734746,
    "transformer.h.11.mlp.c_proj": 0.000537333817317568,
    "transformer.h.11.mlp.act": 0.000574457234349744,
    "transformer.h.11.mlp.dropout": 6.336097059578731e-05,
    "transformer.ln_f": 0.00010007825391045932,
    "lm_head": 0.009649919641428981
}