{
    "transformer.wte": 7.649947857034618e-05,
    "transformer.wpe": 3.0469894409179687e-05,
    "transformer.drop": 6.893585468160694e-05,
    "transformer.h.0.ln_1": 8.533329799257475e-05,
    "transformer.h.0.attn.c_attn": 0.0016832803857737574,
    "transformer.h.0.attn.c_proj": 0.00020987494238491715,
    "transformer.h.0.attn.attn_dropout": 0.0005878407379676556,
    "transformer.h.0.attn.resid_dropout": 6.557908551446323e-05,
    "transformer.h.0.ln_2": 7.03515677616514e-05,
    "transformer.h.0.mlp.c_fc": 0.0005292168978987069,
    "transformer.h.0.mlp.c_proj": 0.0005284638240419585,
    "transformer.h.0.mlp.act": 0.0005702791542842471,
    "transformer.h.0.mlp.dropout": 6.698000019994275e-05,
    "transformer.h.1.ln_1": 7.402074748072131e-05,
    "transformer.h.1.attn.c_attn": 0.0016823497311822299,
    "transformer.h.1.attn.c_proj": 0.0002099809975459658,
    "transformer.h.1.attn.attn_dropout": 0.0005881293066616716,
    "transformer.h.1.attn.resid_dropout": 6.630667324723869e-05,
    "transformer.h.1.ln_2": 6.886104057575095e-05,
    "transformer.h.1.mlp.c_fc": 0.0005290491827603045,
    "transformer.h.1.mlp.c_proj": 0.0005291725027150122,
    "transformer.h.1.mlp.act": 0.0005702742214860587,
    "transformer.h.1.mlp.dropout": 6.67086962995858e-05,
    "transformer.h.2.ln_1": 7.327178428912985e-05,
    "transformer.h.2.attn.c_attn": 0.0016850841456446154,
    "transformer.h.2.attn.c_proj": 0.00021030162942820582,
    "transformer.h.2.attn.attn_dropout": 0.0005893534627454034,
    "transformer.h.2.attn.resid_dropout": 6.523872243946996e-05,
    "transformer.h.2.ln_2": 6.930663667876145e-05,
    "transformer.h.2.mlp.c_fc": 0.0005305923264602135,
    "transformer.h.2.mlp.c_proj": 0.0005305495755425815,
    "transformer.h.2.mlp.act": 0.0005710281174758385,
    "transformer.h.2.mlp.dropout": 6.732447394009294e-05,
    "transformer.h.3.ln_1": 7.451978223077182e-05,
    "transformer.h.3.attn.c_attn": 0.001686895304712756,
    "transformer.h.3.attn.c_proj": 0.0002118612157887426,
    "transformer.h.3.attn.attn_dropout": 0.0005901394219234072,
    "transformer.h.3.attn.resid_dropout": 6.612744824639683e-05,
    "transformer.h.3.ln_2": 7.98669354668979e-05,
    "transformer.h.3.mlp.c_fc": 0.0005312993608672043,
    "transformer.h.3.mlp.c_proj": 0.0005312492107522899,
    "transformer.h.3.mlp.act": 0.0005704164505004883,
    "transformer.h.3.mlp.dropout": 6.713784974196862e-05,
    "transformer.h.4.ln_1": 7.45691102126549e-05,
    "transformer.h.4.attn.c_attn": 0.0016888758231853617,
    "transformer.h.4.attn.c_proj": 0.00021105963608314252,
    "transformer.h.4.attn.attn_dropout": 0.000591427704383587,
    "transformer.h.4.attn.resid_dropout": 6.572213666192416e-05,
    "transformer.h.4.ln_2": 6.953190112936085e-05,
    "transformer.h.4.mlp.c_fc": 0.0005324487028450801,
    "transformer.h.4.mlp.c_proj": 0.000532232481857826,
    "transformer.h.4.mlp.act": 0.0005711465046323578,
    "transformer.h.4.mlp.dropout": 6.88421315160291e-05,
    "transformer.h.5.ln_1": 7.492344954918171e-05,
    "transformer.h.5.attn.c_attn": 0.0016913742854677398,
    "transformer.h.5.attn.c_proj": 0.00021361318127862338,
    "transformer.h.5.attn.attn_dropout": 0.0005931804920064992,
    "transformer.h.5.attn.resid_dropout": 6.786050467655576e-05,
    "transformer.h.5.ln_2": 7.239456834464237e-05,
    "transformer.h.5.mlp.c_fc": 0.0005356098043507543,
    "transformer.h.5.mlp.c_proj": 0.0005353828956340921,
    "transformer.h.5.mlp.act": 0.000571766392938022,
    "transformer.h.5.mlp.dropout": 7.002764734728583e-05,
    "transformer.h.6.ln_1": 7.67181659566945e-05,
    "transformer.h.6.attn.c_attn": 0.0016959963173701846,
    "transformer.h.6.attn.c_proj": 0.00021508233300570785,
    "transformer.h.6.attn.attn_dropout": 0.0005961993644977438,
    "transformer.h.6.attn.resid_dropout": 6.82288202746161e-05,
    "transformer.h.6.ln_2": 7.185524907605401e-05,
    "transformer.h.6.mlp.c_fc": 0.0005377300854386954,
    "transformer.h.6.mlp.c_proj": 0.0005364253603178879,
    "transformer.h.6.mlp.act": 0.0005724726052119814,
    "transformer.h.6.mlp.dropout": 7.007533106310614e-05,
    "transformer.h.7.ln_1": 7.677160460373451e-05,
    "transformer.h.7.attn.c_attn": 0.001700527914639177,
    "transformer.h.7.attn.c_proj": 0.00021553697257206358,
    "transformer.h.7.attn.attn_dropout": 0.0005962486924796269,
    "transformer.h.7.attn.resid_dropout": 6.846723885371767e-05,
    "transformer.h.7.ln_2": 7.162094116210937e-05,
    "transformer.h.7.mlp.c_fc": 0.0005378550496594659,
    "transformer.h.7.mlp.c_proj": 0.0005383096892258217,
    "transformer.h.7.mlp.act": 0.0005715855236711173,
    "transformer.h.7.mlp.dropout": 7.013863530652276e-05,
    "transformer.h.8.ln_1": 7.587959026468211e-05,
    "transformer.h.8.attn.c_attn": 0.0016997230464014515,
    "transformer.h.8.attn.c_proj": 0.00021466222302667025,
    "transformer.h.8.attn.attn_dropout": 0.0005959741000471444,
    "transformer.h.8.attn.resid_dropout": 6.826006132980873e-05,
    "transformer.h.8.ln_2": 7.150337613862136e-05,
    "transformer.h.8.mlp.c_fc": 0.0005374160306207065,
    "transformer.h.8.mlp.c_proj": 0.0005364434472445783,
    "transformer.h.8.mlp.act": 0.0005714704250467234,
    "transformer.h.8.mlp.dropout": 6.99865406957166e-05,
    "transformer.h.9.ln_1": 7.565679221317686e-05,
    "transformer.h.9.attn.c_attn": 0.0017012398818443562,
    "transformer.h.9.attn.c_proj": 0.0002163574613373855,
    "transformer.h.9.attn.attn_dropout": 0.0005967222411057045,
    "transformer.h.9.attn.resid_dropout": 6.956643071667902e-05,
    "transformer.h.9.ln_2": 7.253515309300916e-05,
    "transformer.h.9.mlp.c_fc": 0.0005378673816549367,
    "transformer.h.9.mlp.c_proj": 0.0005372779122714338,
    "transformer.h.9.mlp.act": 0.00057257866037303,
    "transformer.h.9.mlp.dropout": 7.968853259908742e-05,
    "transformer.h.10.ln_1": 7.87702100030307e-05,
    "transformer.h.10.attn.c_attn": 0.0016960834634715113,
    "transformer.h.10.attn.c_proj": 0.00021594310628956763,
    "transformer.h.10.attn.attn_dropout": 0.0005957340372019801,
    "transformer.h.10.attn.resid_dropout": 7.234195183063375e-05,
    "transformer.h.10.ln_2": 7.667623717209389e-05,
    "transformer.h.10.mlp.c_fc": 0.0005375607260342302,
    "transformer.h.10.mlp.c_proj": 0.0005448481132244242,
    "transformer.h.10.mlp.act": 0.0005763095000694538,
    "transformer.h.10.mlp.dropout": 9.510845973573882e-05,
    "transformer.h.11.ln_1": 0.00010590142217175714,
    "transformer.h.11.attn.c_attn": 0.001718802287660796,
    "transformer.h.11.attn.c_proj": 0.0003016167673571356,
    "transformer.h.11.attn.attn_dropout": 0.000649635545138655,
    "transformer.h.11.attn.resid_dropout": 0.00015750671255177466,
    "transformer.h.11.ln_2": 0.00016604456408270474,
    "transformer.h.11.mlp.c_fc": 0.0005925096314528893,
    "transformer.h.11.mlp.c_proj": 0.0006154907160791858,
    "transformer.h.11.mlp.act": 0.0006705259454661402,
    "transformer.h.11.mlp.dropout": 0.00014603137969970703,
    "transformer.ln_f": 0.0002267484007210567,
    "lm_head": 0.009583785616118333
}