{
  "algorithm_times": {
    "H_10": {
      "sgd": 1.4597040943687531,
      "pipe_sgd": 1.4231526827714505,
      "localsgd": 1.3773720397458633,
      "pipe_seq_localsgd": 1.3683919873755377,
      "dream_ddp": 1.368353681375534
    }
  },
  "speedups": {
    "H_10": {
      "over_pipe_sgd": 1.0400473957440812,
      "over_localsgd": 1.0065906632861643
    }
  }
}