{
  "algorithm_times": {
    "H_10": {
      "sgd": 1.0859431154227965,
      "pipe_sgd": 1.0496851515086878,
      "localsgd": 1.0042720517062227,
      "pipe_seq_localsgd": 0.9953726676374748,
      "dream_ddp": 0.9953582659674771
    }
  },
  "speedups": {
    "H_10": {
      "over_pipe_sgd": 1.0545802324637406,
      "over_localsgd": 1.0089553541106944
    }
  }
}