{
    "transformer.wte": 0.05443882448919888,
    "transformer.wpe": 0.001520638630307954,
    "transformer.drop": 1.1965324138772899e-05,
    "transformer.h.0.ln_1": 0.00019444103898673222,
    "transformer.h.0.attn.c_attn": 0.0024993666287126213,
    "transformer.h.0.attn.c_proj": 0.0009129573558938914,
    "transformer.h.0.attn.attn_dropout": 1.1439158998686692e-05,
    "transformer.h.0.attn.resid_dropout": 1.0261864497743804e-05,
    "transformer.h.0.ln_2": 0.00011003428492052802,
    "transformer.h.0.mlp.c_fc": 0.003300632279494713,
    "transformer.h.0.mlp.c_proj": 0.0032895976099474675,
    "transformer.h.0.mlp.act": 1.2128106478987069e-05,
    "transformer.h.0.mlp.dropout": 1.0498638810782597e-05,
    "transformer.h.1.ln_1": 0.0001371844061489763,
    "transformer.h.1.attn.c_attn": 0.0024978867892561287,
    "transformer.h.1.attn.c_proj": 0.0009108790035905509,
    "transformer.h.1.attn.attn_dropout": 1.1261578263907596e-05,
    "transformer.h.1.attn.resid_dropout": 1.0260220231681035e-05,
    "transformer.h.1.ln_2": 0.0001066882034827923,
    "transformer.h.1.mlp.c_fc": 0.003300431679035055,
    "transformer.h.1.mlp.c_proj": 0.00329530485745134,
    "transformer.h.1.mlp.act": 1.1569056017645474e-05,
    "transformer.h.1.mlp.dropout": 1.0342433534819505e-05,
    "transformer.h.2.ln_1": 0.0001118133808004445,
    "transformer.h.2.attn.c_attn": 0.0025044457665805158,
    "transformer.h.2.attn.c_proj": 0.0009068291762779499,
    "transformer.h.2.attn.attn_dropout": 1.1246779869342672e-05,
    "transformer.h.2.attn.resid_dropout": 1.0220757846174569e-05,
    "transformer.h.2.ln_2": 0.0001071551750446188,
    "transformer.h.2.mlp.c_fc": 0.0033017701116101494,
    "transformer.h.2.mlp.c_proj": 0.0032917285787648167,
    "transformer.h.2.mlp.act": 1.152630510001347e-05,
    "transformer.h.2.mlp.dropout": 1.0390117250639816e-05,
    "transformer.h.3.ln_1": 0.00010965117092790274,
    "transformer.h.3.attn.c_attn": 0.0024984113101301523,
    "transformer.h.3.attn.c_proj": 0.0009077384554106614,
    "transformer.h.3.attn.attn_dropout": 1.1274732392409753e-05,
    "transformer.h.3.attn.resid_dropout": 1.0197738121295797e-05,
    "transformer.h.3.ln_2": 0.000104501329619309,
    "transformer.h.3.mlp.c_fc": 0.0032984700696221713,
    "transformer.h.3.mlp.c_proj": 0.003289709420039736,
    "transformer.h.3.mlp.act": 1.1565767485519936e-05,
    "transformer.h.3.mlp.dropout": 1.0307903947501346e-05,
    "transformer.h.4.ln_1": 0.00011467604801572602,
    "transformer.h.4.attn.c_attn": 0.0024977322282462282,
    "transformer.h.4.attn.c_proj": 0.0009108296756086678,
    "transformer.h.4.attn.attn_dropout": 1.1273088126346983e-05,
    "transformer.h.4.attn.resid_dropout": 1.0284884222622576e-05,
    "transformer.h.4.ln_2": 0.00010988136817669046,
    "transformer.h.4.mlp.c_fc": 0.003299563506553913,
    "transformer.h.4.mlp.c_proj": 0.003292239945510338,
    "transformer.h.4.mlp.act": 1.1478621384193157e-05,
    "transformer.h.4.mlp.dropout": 1.0255287433492727e-05,
    "transformer.h.5.ln_1": 0.0001164715865562702,
    "transformer.h.5.attn.c_attn": 0.002498899657150795,
    "transformer.h.5.attn.c_proj": 0.0009103331072577114,
    "transformer.h.5.attn.attn_dropout": 1.128130945666083e-05,
    "transformer.h.5.attn.resid_dropout": 1.0250354635304418e-05,
    "transformer.h.5.ln_2": 0.00011558368288237473,
    "transformer.h.5.mlp.c_fc": 0.003299843031784584,
    "transformer.h.5.mlp.c_proj": 0.0032916496539938038,
    "transformer.h.5.mlp.act": 1.1430937668372845e-05,
    "transformer.h.5.mlp.dropout": 1.0278307158371497e-05,
    "transformer.h.6.ln_1": 0.00011698953036604256,
    "transformer.h.6.attn.c_attn": 0.0024969133837469694,
    "transformer.h.6.attn.c_proj": 0.000909274199913288,
    "transformer.h.6.attn.attn_dropout": 1.127966519059806e-05,
    "transformer.h.6.attn.resid_dropout": 1.0168141332165948e-05,
    "transformer.h.6.ln_2": 0.00010523467228330414,
    "transformer.h.6.mlp.c_fc": 0.003301094318258351,
    "transformer.h.6.mlp.c_proj": 0.003293956559279869,
    "transformer.h.6.mlp.act": 1.1414495007745151e-05,
    "transformer.h.6.mlp.dropout": 1.0220757846174569e-05,
    "transformer.h.7.ln_1": 0.00011690073999865302,
    "transformer.h.7.attn.c_attn": 0.0024991643839869008,
    "transformer.h.7.attn.c_proj": 0.0009123276019918508,
    "transformer.h.7.attn.attn_dropout": 1.119580762139682e-05,
    "transformer.h.7.attn.resid_dropout": 1.0181295460668103e-05,
    "transformer.h.7.ln_2": 0.0001037975837444437,
    "transformer.h.7.mlp.c_fc": 0.0032999811501338563,
    "transformer.h.7.mlp.c_proj": 0.0032909837262383823,
    "transformer.h.7.mlp.act": 1.144244753081223e-05,
    "transformer.h.7.mlp.dropout": 1.024706610317888e-05,
    "transformer.h.8.ln_1": 0.0001132537578714305,
    "transformer.h.8.attn.c_attn": 0.002497380355308796,
    "transformer.h.8.attn.c_proj": 0.0009118392549712082,
    "transformer.h.8.attn.attn_dropout": 1.1176076428643588e-05,
    "transformer.h.8.attn.resid_dropout": 1.0150054405475485e-05,
    "transformer.h.8.ln_2": 0.00012332324323983027,
    "transformer.h.8.mlp.c_fc": 0.003298887713202115,
    "transformer.h.8.mlp.c_proj": 0.003297623272599845,
    "transformer.h.8.mlp.act": 1.141778353987069e-05,
    "transformer.h.8.mlp.dropout": 1.024542183711611e-05,
    "transformer.h.9.ln_1": 0.00011709969619224811,
    "transformer.h.9.attn.c_attn": 0.002496753889938881,
    "transformer.h.9.attn.c_proj": 0.0009111059123072131,
    "transformer.h.9.attn.attn_dropout": 1.1149768171639279e-05,
    "transformer.h.9.attn.resid_dropout": 1.0176362662479795e-05,
    "transformer.h.9.ln_2": 0.00011326691199993265,
    "transformer.h.9.mlp.c_fc": 0.0033003938609156114,
    "transformer.h.9.mlp.c_proj": 0.003292017969591864,
    "transformer.h.9.mlp.act": 1.1435870466561153e-05,
    "transformer.h.9.mlp.dropout": 1.0233911974676723e-05,
    "transformer.h.10.ln_1": 0.00011971572349811423,
    "transformer.h.10.attn.c_attn": 0.0024989440523344895,
    "transformer.h.10.attn.c_proj": 0.0009075066138958109,
    "transformer.h.10.attn.attn_dropout": 1.1179364960769128e-05,
    "transformer.h.10.attn.resid_dropout": 1.0158275735789333e-05,
    "transformer.h.10.ln_2": 0.0001131518133755388,
    "transformer.h.10.mlp.c_fc": 0.0032998183677936423,
    "transformer.h.10.mlp.c_proj": 0.003299861118711274,
    "transformer.h.10.mlp.act": 1.144244753081223e-05,
    "transformer.h.10.mlp.dropout": 1.0349010599070582e-05,
    "transformer.h.11.ln_1": 0.00011820135445430361,
    "transformer.h.11.attn.c_attn": 0.0024979657140271417,
    "transformer.h.11.attn.c_proj": 0.0009092774884454136,
    "transformer.h.11.attn.attn_dropout": 1.1210606015961745e-05,
    "transformer.h.11.attn.resid_dropout": 1.018951679098195e-05,
    "transformer.h.11.ln_2": 0.00011528935925713901,
    "transformer.h.11.mlp.c_fc": 0.0033008378127525593,
    "transformer.h.11.mlp.c_proj": 0.0032935849551496833,
    "transformer.h.11.mlp.act": 1.147040005387931e-05,
    "transformer.h.11.mlp.dropout": 1.0306259681438578e-05,
    "transformer.ln_f": 0.00012990524028909617,
    "lm_head": 0.05182398763196222
}