{
    "transformer.wte": 6.718306705869478e-05,
    "transformer.wpe": 2.8067621691473598e-05,
    "transformer.drop": 6.308062323208513e-05,
    "transformer.h.0.ln_1": 7.424190126616379e-05,
    "transformer.h.0.attn.c_attn": 0.0016938472616261449,
    "transformer.h.0.attn.c_proj": 0.00021243424251161773,
    "transformer.h.0.attn.attn_dropout": 0.0005916463917699353,
    "transformer.h.0.attn.resid_dropout": 6.406389433762123e-05,
    "transformer.h.0.ln_2": 6.908219436119343e-05,
    "transformer.h.0.mlp.c_fc": 0.0005340066449395542,
    "transformer.h.0.mlp.c_proj": 0.0005323558018125337,
    "transformer.h.0.mlp.act": 0.0005697250366210937,
    "transformer.h.0.mlp.dropout": 6.59893298971242e-05,
    "transformer.h.1.ln_1": 7.383247901653421e-05,
    "transformer.h.1.attn.c_attn": 0.001697989167838261,
    "transformer.h.1.attn.c_proj": 0.00021235860627273034,
    "transformer.h.1.attn.attn_dropout": 0.0005934156220534753,
    "transformer.h.1.attn.resid_dropout": 6.445851819268589e-05,
    "transformer.h.1.ln_2": 6.886021844271956e-05,
    "transformer.h.1.mlp.c_fc": 0.000534771228658742,
    "transformer.h.1.mlp.c_proj": 0.0005337780919568292,
    "transformer.h.1.mlp.act": 0.0005709434377736059,
    "transformer.h.1.mlp.dropout": 6.835049596326104e-05,
    "transformer.h.2.ln_1": 7.409720585264009e-05,
    "transformer.h.2.attn.c_attn": 0.001698888581374596,
    "transformer.h.2.attn.c_proj": 0.0002136394895356277,
    "transformer.h.2.attn.attn_dropout": 0.000593859573890423,
    "transformer.h.2.attn.resid_dropout": 6.481532392830685e-05,
    "transformer.h.2.ln_2": 6.984184528219288e-05,
    "transformer.h.2.mlp.c_fc": 0.0005367196839431237,
    "transformer.h.2.mlp.c_proj": 0.000535269441275761,
    "transformer.h.2.mlp.act": 0.0005731927937474744,
    "transformer.h.2.mlp.dropout": 6.672267256111935e-05,
    "transformer.h.3.ln_1": 7.48058845256937e-05,
    "transformer.h.3.attn.c_attn": 0.0017012333047801051,
    "transformer.h.3.attn.c_proj": 0.00021544160514042296,
    "transformer.h.3.attn.attn_dropout": 0.000594472885131836,
    "transformer.h.3.attn.resid_dropout": 6.530202668288658e-05,
    "transformer.h.3.ln_2": 8.555774031014279e-05,
    "transformer.h.3.mlp.c_fc": 0.0005372244736243938,
    "transformer.h.3.mlp.c_proj": 0.0005364927752264614,
    "transformer.h.3.mlp.act": 0.0005708694458007813,
    "transformer.h.3.mlp.dropout": 6.69183402225889e-05,
    "transformer.h.4.ln_1": 7.455595608415275e-05,
    "transformer.h.4.attn.c_attn": 0.0017050299151190396,
    "transformer.h.4.attn.c_proj": 0.00021764492166453394,
    "transformer.h.4.attn.attn_dropout": 0.0005967205968396417,
    "transformer.h.4.attn.resid_dropout": 6.722910650845232e-05,
    "transformer.h.4.ln_2": 6.987966340163659e-05,
    "transformer.h.4.mlp.c_fc": 0.0005411361825877223,
    "transformer.h.4.mlp.c_proj": 0.0005378213422051792,
    "transformer.h.4.mlp.act": 0.000572824478149414,
    "transformer.h.4.mlp.dropout": 6.708934389311691e-05,
    "transformer.h.5.ln_1": 7.521037397713497e-05,
    "transformer.h.5.attn.c_attn": 0.0017085749527503704,
    "transformer.h.5.attn.c_proj": 0.00021554354963631466,
    "transformer.h.5.attn.attn_dropout": 0.0005983813055630388,
    "transformer.h.5.attn.resid_dropout": 6.549111728010506e-05,
    "transformer.h.5.ln_2": 7.092048381936961e-05,
    "transformer.h.5.mlp.c_fc": 0.000541095075936153,
    "transformer.h.5.mlp.c_proj": 0.000540795819512729,
    "transformer.h.5.mlp.act": 0.0005714038322711813,
    "transformer.h.5.mlp.dropout": 6.724390490301724e-05,
    "transformer.h.6.ln_1": 7.36022817677465e-05,
    "transformer.h.6.attn.c_attn": 0.0017137774105729729,
    "transformer.h.6.attn.c_proj": 0.00021619961179535963,
    "transformer.h.6.attn.attn_dropout": 0.0006006651911242255,
    "transformer.h.6.attn.resid_dropout": 6.495344227757947e-05,
    "transformer.h.6.ln_2": 6.924826523353313e-05,
    "transformer.h.6.mlp.c_fc": 0.0005439445890229324,
    "transformer.h.6.mlp.c_proj": 0.0005420372403901199,
    "transformer.h.6.mlp.act": 0.0005716784247036638,
    "transformer.h.6.mlp.dropout": 6.887008403909618e-05,
    "transformer.h.7.ln_1": 7.317641685748922e-05,
    "transformer.h.7.attn.c_attn": 0.0017157044903985386,
    "transformer.h.7.attn.c_proj": 0.0002162012560614224,
    "transformer.h.7.attn.attn_dropout": 0.0005995174934124124,
    "transformer.h.7.attn.resid_dropout": 6.536122026114628e-05,
    "transformer.h.7.ln_2": 6.871387876313308e-05,
    "transformer.h.7.mlp.c_fc": 0.0005425683383283944,
    "transformer.h.7.mlp.c_proj": 0.000542278947501347,
    "transformer.h.7.mlp.act": 0.0005709056196541622,
    "transformer.h.7.mlp.dropout": 6.751849733549973e-05,
    "transformer.h.8.ln_1": 7.474997947955954e-05,
    "transformer.h.8.attn.c_attn": 0.0017127694754764953,
    "transformer.h.8.attn.c_proj": 0.00021570468771046607,
    "transformer.h.8.attn.attn_dropout": 0.0005988712968497441,
    "transformer.h.8.attn.resid_dropout": 6.473968768941945e-05,
    "transformer.h.8.ln_2": 6.817127096241918e-05,
    "transformer.h.8.mlp.c_fc": 0.0005415291621767241,
    "transformer.h.8.mlp.c_proj": 0.0005409898429081357,
    "transformer.h.8.mlp.act": 0.0005706754224053744,
    "transformer.h.8.mlp.dropout": 6.731954114190464e-05,
    "transformer.h.9.ln_1": 7.406432053138469e-05,
    "transformer.h.9.attn.c_attn": 0.0017158360316835602,
    "transformer.h.9.attn.c_proj": 0.0002151127519278691,
    "transformer.h.9.attn.attn_dropout": 0.0005971859241354054,
    "transformer.h.9.attn.resid_dropout": 6.520501498518319e-05,
    "transformer.h.9.ln_2": 6.872867715769801e-05,
    "transformer.h.9.mlp.c_fc": 0.000540353511941844,
    "transformer.h.9.mlp.c_proj": 0.000539990129141972,
    "transformer.h.9.mlp.act": 0.0005711144414441339,
    "transformer.h.9.mlp.dropout": 8.196008616480334e-05,
    "transformer.h.10.ln_1": 7.518077718800512e-05,
    "transformer.h.10.attn.c_attn": 0.0017048753541091394,
    "transformer.h.10.attn.c_proj": 0.0002124079342546134,
    "transformer.h.10.attn.attn_dropout": 0.0005931130770979256,
    "transformer.h.10.attn.resid_dropout": 6.582983608903557e-05,
    "transformer.h.10.ln_2": 6.909041569150728e-05,
    "transformer.h.10.mlp.c_fc": 0.0005355818518276872,
    "transformer.h.10.mlp.c_proj": 0.0005345854265936489,
    "transformer.h.10.mlp.act": 0.0005708842441953461,
    "transformer.h.10.mlp.dropout": 6.852149963378906e-05,
    "transformer.h.11.ln_1": 7.636793728532463e-05,
    "transformer.h.11.attn.c_attn": 0.0016960407125538794,
    "transformer.h.11.attn.c_proj": 0.0002123290094836005,
    "transformer.h.11.attn.attn_dropout": 0.0005943692963698815,
    "transformer.h.11.attn.resid_dropout": 6.856096201929553e-05,
    "transformer.h.11.ln_2": 7.237237075279499e-05,
    "transformer.h.11.mlp.c_fc": 0.000535854799994107,
    "transformer.h.11.mlp.c_proj": 0.0005382833809688173,
    "transformer.h.11.mlp.act": 0.0005734936944369612,
    "transformer.h.11.mlp.dropout": 6.378272484088766e-05,
    "transformer.ln_f": 0.0001104437071701576,
    "lm_head": 0.009638113811098296
}