{
  "algorithm_times": {
    "H_10": {
      "sgd": 1.185052536790279,
      "pipe_sgd": 0.7332612154759849,
      "localsgd": 0.1673925855298379,
      "pipe_seq_localsgd": 0.14411745650454771,
      "dream_ddp": 0.1290357559245468
    }
  },
  "speedups": {
    "H_10": {
      "over_pipe_sgd": 5.68262037310617,
      "over_localsgd": 1.2972573712647533
    }
  }
}