{
    "transformer.wte": 7.097145606731546e-05,
    "transformer.wpe": 3.112431230216191e-05,
    "transformer.drop": 6.926141936203529e-05,
    "transformer.h.0.ln_1": 8.070386689284752e-05,
    "transformer.h.0.attn.c_attn": 0.0016890180521997912,
    "transformer.h.0.attn.c_proj": 0.00021354741063611262,
    "transformer.h.0.attn.attn_dropout": 0.0005916447475038726,
    "transformer.h.0.attn.resid_dropout": 6.757440238163389e-05,
    "transformer.h.0.ln_2": 7.311393474710398e-05,
    "transformer.h.0.mlp.c_fc": 0.0005343766048036772,
    "transformer.h.0.mlp.c_proj": 0.000532824417640423,
    "transformer.h.0.mlp.act": 0.0005717491281443628,
    "transformer.h.0.mlp.dropout": 6.965111041891163e-05,
    "transformer.h.1.ln_1": 7.710785701357085e-05,
    "transformer.h.1.attn.c_attn": 0.0016908908712452856,
    "transformer.h.1.attn.c_proj": 0.00021398642967487204,
    "transformer.h.1.attn.attn_dropout": 0.0005929996227395946,
    "transformer.h.1.attn.resid_dropout": 6.797231476882409e-05,
    "transformer.h.1.ln_2": 7.313037740773168e-05,
    "transformer.h.1.mlp.c_fc": 0.0005355374566439925,
    "transformer.h.1.mlp.c_proj": 0.0005333242745235049,
    "transformer.h.1.mlp.act": 0.0005723788820464036,
    "transformer.h.1.mlp.dropout": 6.950148220719962e-05,
    "transformer.h.2.ln_1": 7.626105999124462e-05,
    "transformer.h.2.attn.c_attn": 0.0016935216969457165,
    "transformer.h.2.attn.c_proj": 0.00021485789068813983,
    "transformer.h.2.attn.attn_dropout": 0.0005938628624225485,
    "transformer.h.2.attn.resid_dropout": 6.781610949286099e-05,
    "transformer.h.2.ln_2": 7.309913635253907e-05,
    "transformer.h.2.mlp.c_fc": 0.0005364927752264614,
    "transformer.h.2.mlp.c_proj": 0.00053437824906974,
    "transformer.h.2.mlp.act": 0.0005730892049855199,
    "transformer.h.2.mlp.dropout": 6.952614619814117e-05,
    "transformer.h.3.ln_1": 7.694178614123114e-05,
    "transformer.h.3.attn.c_attn": 0.0016965011070514547,
    "transformer.h.3.attn.c_proj": 0.00021949800951727506,
    "transformer.h.3.attn.attn_dropout": 0.0005956912862843481,
    "transformer.h.3.attn.resid_dropout": 7.019207395356276e-05,
    "transformer.h.3.ln_2": 9.026034124966326e-05,
    "transformer.h.3.mlp.c_fc": 0.0005379199981689453,
    "transformer.h.3.mlp.c_proj": 0.0005353976940286571,
    "transformer.h.3.mlp.act": 0.0005729001143883015,
    "transformer.h.3.mlp.dropout": 6.932719000454607e-05,
    "transformer.h.4.ln_1": 7.738080517999057e-05,
    "transformer.h.4.attn.c_attn": 0.0016987438859610723,
    "transformer.h.4.attn.c_proj": 0.00021531499665358971,
    "transformer.h.4.attn.attn_dropout": 0.000595712661743164,
    "transformer.h.4.attn.resid_dropout": 6.781282096073545e-05,
    "transformer.h.4.ln_2": 7.227864758721713e-05,
    "transformer.h.4.mlp.c_fc": 0.0005386697834935682,
    "transformer.h.4.mlp.c_proj": 0.0005368693121548357,
    "transformer.h.4.mlp.act": 0.0005724709609459186,
    "transformer.h.4.mlp.dropout": 6.98681535391972e-05,
    "transformer.h.5.ln_1": 7.686614990234374e-05,
    "transformer.h.5.attn.c_attn": 0.0017031899813948006,
    "transformer.h.5.attn.c_proj": 0.0002163147104197535,
    "transformer.h.5.attn.attn_dropout": 0.0005975641053298424,
    "transformer.h.5.attn.resid_dropout": 6.791476545662716e-05,
    "transformer.h.5.ln_2": 7.281632258974272e-05,
    "transformer.h.5.mlp.c_fc": 0.0005399950619401603,
    "transformer.h.5.mlp.c_proj": 0.0005397451334986194,
    "transformer.h.5.mlp.act": 0.0005728211896172885,
    "transformer.h.5.mlp.dropout": 6.990597165864089e-05,
    "transformer.h.6.ln_1": 7.627914691793507e-05,
    "transformer.h.6.attn.c_attn": 0.00170884790091679,
    "transformer.h.6.attn.c_proj": 0.00021743938840668777,
    "transformer.h.6.attn.attn_dropout": 0.0006006224402065935,
    "transformer.h.6.attn.resid_dropout": 6.763359595989358e-05,
    "transformer.h.6.ln_2": 7.18182530896417e-05,
    "transformer.h.6.mlp.c_fc": 0.0005431191674594221,
    "transformer.h.6.mlp.c_proj": 0.0005398125484071929,
    "transformer.h.6.mlp.act": 0.0005726025022309402,
    "transformer.h.6.mlp.dropout": 7.040911707384833e-05,
    "transformer.h.7.ln_1": 7.63958898083917e-05,
    "transformer.h.7.attn.c_attn": 0.0017112238653774919,
    "transformer.h.7.attn.c_proj": 0.00021693131019329202,
    "transformer.h.7.attn.attn_dropout": 0.0005997000069453798,
    "transformer.h.7.attn.resid_dropout": 6.775856018066406e-05,
    "transformer.h.7.ln_2": 7.152392946440598e-05,
    "transformer.h.7.mlp.c_fc": 0.0005410375266239561,
    "transformer.h.7.mlp.c_proj": 0.0005410391708900188,
    "transformer.h.7.mlp.act": 0.0005723755935142781,
    "transformer.h.7.mlp.dropout": 6.949654940901131e-05,
    "transformer.h.8.ln_1": 7.596180356782059e-05,
    "transformer.h.8.attn.c_attn": 0.0017069421965500405,
    "transformer.h.8.attn.c_proj": 0.00021661396684317753,
    "transformer.h.8.attn.attn_dropout": 0.000597866650285392,
    "transformer.h.8.attn.resid_dropout": 6.7880235869309e-05,
    "transformer.h.8.ln_2": 7.142034070245151e-05,
    "transformer.h.8.mlp.c_fc": 0.0005407086734114023,
    "transformer.h.8.mlp.c_proj": 0.0005389920596418709,
    "transformer.h.8.mlp.act": 0.0005723903919088429,
    "transformer.h.8.mlp.dropout": 7.011150491648707e-05,
    "transformer.h.9.ln_1": 7.569872099777748e-05,
    "transformer.h.9.attn.c_attn": 0.0017079780841695851,
    "transformer.h.9.attn.c_proj": 0.00021557150215938174,
    "transformer.h.9.attn.attn_dropout": 0.0005969359956938645,
    "transformer.h.9.attn.resid_dropout": 6.807590353077856e-05,
    "transformer.h.9.ln_2": 7.142034070245151e-05,
    "transformer.h.9.mlp.c_fc": 0.0005389920596418709,
    "transformer.h.9.mlp.c_proj": 0.0005383491516113281,
    "transformer.h.9.mlp.act": 0.0005724923364047347,
    "transformer.h.9.mlp.dropout": 8.476191553576239e-05,
    "transformer.h.10.ln_1": 7.672145448882005e-05,
    "transformer.h.10.attn.c_attn": 0.0016985367084371632,
    "transformer.h.10.attn.c_proj": 0.00021355563196642647,
    "transformer.h.10.attn.attn_dropout": 0.0005931804920064992,
    "transformer.h.10.attn.resid_dropout": 6.81646938981681e-05,
    "transformer.h.10.ln_2": 7.272588795629041e-05,
    "transformer.h.10.mlp.c_fc": 0.0005342516405829068,
    "transformer.h.10.mlp.c_proj": 0.0005331960217706089,
    "transformer.h.10.mlp.act": 0.0005725202889278017,
    "transformer.h.10.mlp.dropout": 7.210764391668911e-05,
    "transformer.h.11.ln_1": 7.810428224760911e-05,
    "transformer.h.11.attn.c_attn": 0.001688564234766467,
    "transformer.h.11.attn.c_proj": 0.00021370197164601292,
    "transformer.h.11.attn.attn_dropout": 0.000594272284672178,
    "transformer.h.11.attn.resid_dropout": 7.140060950969827e-05,
    "transformer.h.11.ln_2": 7.554087145575162e-05,
    "transformer.h.11.mlp.c_fc": 0.0005352809511382004,
    "transformer.h.11.mlp.c_proj": 0.000535961677288187,
    "transformer.h.11.mlp.act": 0.0005751757786191743,
    "transformer.h.11.mlp.dropout": 6.555853218867861e-05,
    "transformer.ln_f": 0.00010786878651586072,
    "lm_head": 0.009636688232421874
}