{
    "transformer.wte": 7.128715515136719e-05,
    "transformer.wpe": 3.1285089989231056e-05,
    "transformer.drop": 6.871354090024348e-05,
    "transformer.h.0.ln_1": 8.526893511210403e-05,
    "transformer.h.0.attn.c_attn": 0.001683888370043611,
    "transformer.h.0.attn.c_proj": 0.00021199984093234965,
    "transformer.h.0.attn.attn_dropout": 0.0005909057512675246,
    "transformer.h.0.attn.resid_dropout": 6.917731402671501e-05,
    "transformer.h.0.ln_2": 7.526841882157e-05,
    "transformer.h.0.mlp.c_fc": 0.0005313762246745906,
    "transformer.h.0.mlp.c_proj": 0.0005292729155658043,
    "transformer.h.0.mlp.act": 0.0005722209198834145,
    "transformer.h.0.mlp.dropout": 7.119244092131314e-05,
    "transformer.h.1.ln_1": 7.978530779276809e-05,
    "transformer.h.1.attn.c_attn": 0.0016832482324887629,
    "transformer.h.1.attn.c_proj": 0.00021279674686797677,
    "transformer.h.1.attn.attn_dropout": 0.0005925420212419066,
    "transformer.h.1.attn.resid_dropout": 6.964108715318654e-05,
    "transformer.h.1.ln_2": 7.481444371889715e-05,
    "transformer.h.1.mlp.c_fc": 0.0005315819831743633,
    "transformer.h.1.mlp.c_proj": 0.0005315035989839737,
    "transformer.h.1.mlp.act": 0.0005734195447947881,
    "transformer.h.1.mlp.dropout": 7.173786424610713e-05,
    "transformer.h.2.ln_1": 8.041891333175032e-05,
    "transformer.h.2.attn.c_attn": 0.0016870661957623207,
    "transformer.h.2.attn.c_proj": 0.0002134564804704222,
    "transformer.h.2.attn.attn_dropout": 0.0005934271093917219,
    "transformer.h.2.attn.resid_dropout": 6.988930375608679e-05,
    "transformer.h.2.ln_2": 7.57550540035718e-05,
    "transformer.h.2.mlp.c_fc": 0.0005338747207432577,
    "transformer.h.2.mlp.c_proj": 0.000531973904126311,
    "transformer.h.2.mlp.act": 0.0005729655696921152,
    "transformer.h.2.mlp.dropout": 7.200567689660478e-05,
    "transformer.h.3.ln_1": 8.018049475264876e-05,
    "transformer.h.3.attn.c_attn": 0.0016907045285995692,
    "transformer.h.3.attn.c_proj": 0.0002155597895792086,
    "transformer.h.3.attn.attn_dropout": 0.0005947792366759418,
    "transformer.h.3.attn.resid_dropout": 7.0395534985686e-05,
    "transformer.h.3.ln_2": 8.856760312433113e-05,
    "transformer.h.3.mlp.c_fc": 0.0005346226365598914,
    "transformer.h.3.mlp.c_proj": 0.0005332215191566781,
    "transformer.h.3.mlp.act": 0.0005729459736445179,
    "transformer.h.3.mlp.dropout": 7.169540614297945e-05,
    "transformer.h.4.ln_1": 8.054955364906624e-05,
    "transformer.h.4.attn.c_attn": 0.0016920239958044601,
    "transformer.h.4.attn.c_proj": 0.00021393984964449112,
    "transformer.h.4.attn.attn_dropout": 0.0005959843936031812,
    "transformer.h.4.attn.resid_dropout": 6.962802312145495e-05,
    "transformer.h.4.ln_2": 7.488629589342092e-05,
    "transformer.h.4.mlp.c_fc": 0.0005359421037647822,
    "transformer.h.4.mlp.c_proj": 0.0005348381930834627,
    "transformer.h.4.mlp.act": 0.0005729884317476455,
    "transformer.h.4.mlp.dropout": 7.193709073001391e-05,
    "transformer.h.5.ln_1": 8.01151745939908e-05,
    "transformer.h.5.attn.c_attn": 0.0016955970084830507,
    "transformer.h.5.attn.c_proj": 0.0002155173314760809,
    "transformer.h.5.attn.attn_dropout": 0.0005971013683162324,
    "transformer.h.5.attn.resid_dropout": 7.096382036601028e-05,
    "transformer.h.5.ln_2": 7.551010340860445e-05,
    "transformer.h.5.mlp.c_fc": 0.0005369513002160477,
    "transformer.h.5.mlp.c_proj": 0.0005362556405263404,
    "transformer.h.5.mlp.act": 0.0005731549981522234,
    "transformer.h.5.mlp.dropout": 7.228002156296821e-05,
    "transformer.h.6.ln_1": 7.972651964997592e-05,
    "transformer.h.6.attn.c_attn": 0.0017016391231589121,
    "transformer.h.6.attn.c_proj": 0.00021628484334031196,
    "transformer.h.6.attn.attn_dropout": 0.0005992210074646832,
    "transformer.h.6.attn.resid_dropout": 7.007873221619488e-05,
    "transformer.h.6.ln_2": 7.509532040112639e-05,
    "transformer.h.6.mlp.c_fc": 0.0005390774713803644,
    "transformer.h.6.mlp.c_proj": 0.0005379441666276488,
    "transformer.h.6.mlp.act": 0.0005735697811597014,
    "transformer.h.6.mlp.dropout": 7.235187373749197e-05,
    "transformer.h.7.ln_1": 7.950116510260595e-05,
    "transformer.h.7.attn.c_attn": 0.0017034158314744086,
    "transformer.h.7.attn.c_proj": 0.00021859391094887094,
    "transformer.h.7.attn.attn_dropout": 0.0005988846086475947,
    "transformer.h.7.attn.resid_dropout": 7.244985397547891e-05,
    "transformer.h.7.ln_2": 7.553623147206763e-05,
    "transformer.h.7.mlp.c_fc": 0.0005381466591194885,
    "transformer.h.7.mlp.c_proj": 0.0005383230235478649,
    "transformer.h.7.mlp.act": 0.0005729165795731218,
    "transformer.h.7.mlp.dropout": 7.204486899179956e-05,
    "transformer.h.8.ln_1": 7.87107911828446e-05,
    "transformer.h.8.attn.c_attn": 0.0017003882421206121,
    "transformer.h.8.attn.c_proj": 0.00021477268166738013,
    "transformer.h.8.attn.attn_dropout": 0.000597339786895334,
    "transformer.h.8.attn.resid_dropout": 6.994482589094607e-05,
    "transformer.h.8.ln_2": 7.412858205298855e-05,
    "transformer.h.8.mlp.c_fc": 0.0005373170931045323,
    "transformer.h.8.mlp.c_proj": 0.0005366083693830934,
    "transformer.h.8.mlp.act": 0.0005727532791764769,
    "transformer.h.8.mlp.dropout": 7.324675991110606e-05,
    "transformer.h.9.ln_1": 7.916150027758455e-05,
    "transformer.h.9.attn.c_attn": 0.0017009826555643996,
    "transformer.h.9.attn.c_proj": 0.00021893030976595943,
    "transformer.h.9.attn.attn_dropout": 0.0005974377671333209,
    "transformer.h.9.attn.resid_dropout": 7.257069626899614e-05,
    "transformer.h.9.ln_2": 7.874998327803938e-05,
    "transformer.h.9.mlp.c_fc": 0.000536046616018635,
    "transformer.h.9.mlp.c_proj": 0.0005353934144320553,
    "transformer.h.9.mlp.act": 0.0005730178258190416,
    "transformer.h.9.mlp.dropout": 8.718281576078232e-05,
    "transformer.h.10.ln_1": 7.980163783243257e-05,
    "transformer.h.10.attn.c_attn": 0.0016952246835787003,
    "transformer.h.10.attn.c_proj": 0.00021596804057082085,
    "transformer.h.10.attn.attn_dropout": 0.000598747436314413,
    "transformer.h.10.attn.resid_dropout": 7.519330063911333e-05,
    "transformer.h.10.ln_2": 8.248956236120772e-05,
    "transformer.h.10.mlp.c_fc": 0.0005337571444576734,
    "transformer.h.10.mlp.c_proj": 0.0005311541361351535,
    "transformer.h.10.mlp.act": 0.0005728283973589336,
    "transformer.h.10.mlp.dropout": 7.363214884718804e-05,
    "transformer.h.11.ln_1": 8.272798094030928e-05,
    "transformer.h.11.attn.c_attn": 0.0016852143692643675,
    "transformer.h.11.attn.c_proj": 0.0002125877223602713,
    "transformer.h.11.attn.attn_dropout": 0.0005951286995247619,
    "transformer.h.11.attn.resid_dropout": 7.29952773002729e-05,
    "transformer.h.11.ln_2": 7.824048604050728e-05,
    "transformer.h.11.mlp.c_fc": 0.0005321143424674256,
    "transformer.h.11.mlp.c_proj": 0.0005312031262541471,
    "transformer.h.11.mlp.act": 0.0005754901938242455,
    "transformer.h.11.mlp.dropout": 6.777946263143462e-05,
    "transformer.ln_f": 0.00010920550725231433,
    "lm_head": 0.009613282059969967
}