{
  "algorithm_times": {
    "H_10": {
      "sgd": 0.6823955263410296,
      "pipe_sgd": 0.4968639101301025,
      "localsgd": 0.26448556082589103,
      "pipe_seq_localsgd": 0.23077370181368437,
      "dream_ddp": 0.23064678162368318
    }
  },
  "speedups": {
    "H_10": {
      "over_pipe_sgd": 2.154220000957012,
      "over_localsgd": 1.1467125574612103
    }
  }
}