{
    "model.embed_tokens": 4.532290439979703e-05,
    "model.layers.0.self_attn.q_proj": 0.000595435597538169,
    "model.layers.0.self_attn.k_proj": 0.00017080743328418607,
    "model.layers.0.self_attn.v_proj": 0.001827606188705544,
    "model.layers.0.self_attn.o_proj": 0.0005777318493213529,
    "model.layers.0.self_attn.rotary_emb": NaN,
    "model.layers.0.mlp.gate_proj": 0.0024226288390315435,
    "model.layers.0.mlp.up_proj": 0.002724259507422354,
    "model.layers.0.mlp.down_proj": 0.0024829175737169054,
    "model.layers.0.mlp.act_fn": 0.00019756797092412813,
    "model.layers.0.input_layernorm": 0.0003000178368262995,
    "model.layers.0.post_attention_layernorm": 0.00030093411214990556,
    "model.layers.1.self_attn.q_proj": 0.0005919185339235792,
    "model.layers.1.self_attn.k_proj": 0.0001677594153709661,
    "model.layers.1.self_attn.v_proj": 0.0018245706371232575,
    "model.layers.1.self_attn.o_proj": 0.0005763247122172436,
    "model.layers.1.self_attn.rotary_emb": NaN,
    "model.layers.1.mlp.gate_proj": 0.002419139824661554,
    "model.layers.1.mlp.up_proj": 0.002722469030642042,
    "model.layers.1.mlp.down_proj": 0.002482009089850133,
    "model.layers.1.mlp.act_fn": 0.00019721579707525914,
    "model.layers.1.input_layernorm": 0.0002956328049204708,
    "model.layers.1.post_attention_layernorm": 0.00029997576295939923,
    "model.layers.2.self_attn.q_proj": 0.0005916380414775774,
    "model.layers.2.self_attn.k_proj": 0.00016793082742130056,
    "model.layers.2.self_attn.v_proj": 0.0018264499365114699,
    "model.layers.2.self_attn.o_proj": 0.0005791919683319291,
    "model.layers.2.self_attn.rotary_emb": NaN,
    "model.layers.2.mlp.gate_proj": 0.0024212746838339016,
    "model.layers.2.mlp.up_proj": 0.0027242579491309872,
    "model.layers.2.mlp.down_proj": 0.0024815135531955296,
    "model.layers.2.mlp.act_fn": 0.00019681375790265652,
    "model.layers.2.input_layernorm": 0.00029543957679100286,
    "model.layers.2.post_attention_layernorm": 0.0003057507907643038,
    "model.layers.3.self_attn.q_proj": 0.0005915149364596099,
    "model.layers.3.self_attn.k_proj": 0.00016794641033496732,
    "model.layers.3.self_attn.v_proj": 0.001823232064839282,
    "model.layers.3.self_attn.o_proj": 0.0005762701720194099,
    "model.layers.3.self_attn.rotary_emb": NaN,
    "model.layers.3.mlp.gate_proj": 0.00242055319493113,
    "model.layers.3.mlp.up_proj": 0.002725599637997696,
    "model.layers.3.mlp.down_proj": 0.0024829845802456724,
    "model.layers.3.mlp.act_fn": 0.0001968947890537237,
    "model.layers.3.input_layernorm": 0.0002955860561794705,
    "model.layers.3.post_attention_layernorm": 0.00030058972975786994,
    "model.layers.4.self_attn.q_proj": 0.0005919325585458792,
    "model.layers.4.self_attn.k_proj": 0.0001675568374932981,
    "model.layers.4.self_attn.v_proj": 0.0018283900092629826,
    "model.layers.4.self_attn.o_proj": 0.0005769573785121145,
    "model.layers.4.self_attn.rotary_emb": NaN,
    "model.layers.4.mlp.gate_proj": 0.0024218387853086384,
    "model.layers.4.mlp.up_proj": 0.0027246459636812896,
    "model.layers.4.mlp.down_proj": 0.002483540890263576,
    "model.layers.4.mlp.act_fn": 0.00019694621266882405,
    "model.layers.4.input_layernorm": 0.00029566708733053766,
    "model.layers.4.post_attention_layernorm": 0.0003000053704953661,
    "model.layers.5.self_attn.q_proj": 0.0005919216505063126,
    "model.layers.5.self_attn.k_proj": 0.00016773136612636592,
    "model.layers.5.self_attn.v_proj": 0.0018238055160622192,
    "model.layers.5.self_attn.o_proj": 0.0005765911800409454,
    "model.layers.5.self_attn.rotary_emb": NaN,
    "model.layers.5.mlp.gate_proj": 0.002419931436675826,
    "model.layers.5.mlp.up_proj": 0.002723863701415218,
    "model.layers.5.mlp.down_proj": 0.0024807811562531914,
    "model.layers.5.mlp.act_fn": 0.00019746512369392744,
    "model.layers.5.input_layernorm": 0.0002955626818089703,
    "model.layers.5.post_attention_layernorm": 0.00029979500116086475,
    "model.layers.6.self_attn.q_proj": 0.000591326383204242,
    "model.layers.6.self_attn.k_proj": 0.00016747113146813088,
    "model.layers.6.self_attn.v_proj": 0.001822734969893312,
    "model.layers.6.self_attn.o_proj": 0.0005763247122172436,
    "model.layers.6.self_attn.rotary_emb": NaN,
    "model.layers.6.mlp.gate_proj": 0.0024201418060103273,
    "model.layers.6.mlp.up_proj": 0.002724331188825221,
    "model.layers.6.mlp.down_proj": 0.002481692756702697,
    "model.layers.6.mlp.act_fn": 0.00019688076443142362,
    "model.layers.6.input_layernorm": 0.0002957465601902382,
    "model.layers.6.post_attention_layernorm": 0.00029953944137672974,
    "model.layers.7.self_attn.q_proj": 0.0005913404078265421,
    "model.layers.7.self_attn.k_proj": 0.000167388542025697,
    "model.layers.7.self_attn.v_proj": 0.0018224591523214103,
    "model.layers.7.self_attn.o_proj": 0.0005774513568753511,
    "model.layers.7.self_attn.rotary_emb": NaN,
    "model.layers.7.mlp.gate_proj": 0.002419283187467288,
    "model.layers.7.mlp.up_proj": 0.0027217911738975377,
    "model.layers.7.mlp.down_proj": 0.00247955322265625,
    "model.layers.7.mlp.act_fn": 0.00019720800561842577,
    "model.layers.7.input_layernorm": 0.00029583070792403874,
    "model.layers.7.post_attention_layernorm": 0.0003067106982461767,
    "model.layers.8.self_attn.q_proj": 0.0005923096650566151,
    "model.layers.8.self_attn.k_proj": 0.00016702234355452794,
    "model.layers.8.self_attn.v_proj": 0.0018219090754689733,
    "model.layers.8.self_attn.o_proj": 0.0005758525499331405,
    "model.layers.8.self_attn.rotary_emb": NaN,
    "model.layers.8.mlp.gate_proj": 0.002418435476963816,
    "model.layers.8.mlp.up_proj": 0.0027215340558220356,
    "model.layers.8.mlp.down_proj": 0.002480160956289254,
    "model.layers.8.mlp.act_fn": 0.00019710515838822508,
    "model.layers.8.input_layernorm": 0.00029572941898520477,
    "model.layers.8.post_attention_layernorm": 0.0002999134313047322,
    "model.layers.9.self_attn.q_proj": 0.0005918780183480456,
    "model.layers.9.self_attn.k_proj": 0.0001682175530327691,
    "model.layers.9.self_attn.v_proj": 0.0018218747930589065,
    "model.layers.9.self_attn.o_proj": 0.0005767657086740133,
    "model.layers.9.self_attn.rotary_emb": NaN,
    "model.layers.9.mlp.gate_proj": 0.0024213042913698683,
    "model.layers.9.mlp.up_proj": 0.0027223521587895413,
    "model.layers.9.mlp.down_proj": 0.0024822319255155675,
    "model.layers.9.mlp.act_fn": 0.00019816167993483202,
    "model.layers.9.input_layernorm": 0.00029613613303190744,
    "model.layers.9.post_attention_layernorm": 0.0003012457704232409,
    "model.layers.10.self_attn.q_proj": 0.0005916801153444776,
    "model.layers.10.self_attn.k_proj": 0.00016750073900409772,
    "model.layers.10.self_attn.v_proj": 0.0018249087863498265,
    "model.layers.10.self_attn.o_proj": 0.0005764867745193781,
    "model.layers.10.self_attn.rotary_emb": NaN,
    "model.layers.10.mlp.gate_proj": 0.002420268027611028,
    "model.layers.10.mlp.up_proj": 0.002724022647134619,
    "model.layers.10.mlp.down_proj": 0.002482802260155771,
    "model.layers.10.mlp.act_fn": 0.00019754459655362797,
    "model.layers.10.input_layernorm": 0.000295815125010372,
    "model.layers.10.post_attention_layernorm": 0.0003006271287506702,
    "model.layers.11.self_attn.q_proj": 0.0005910100500568066,
    "model.layers.11.self_attn.k_proj": 0.0001671454485724954,
    "model.layers.11.self_attn.v_proj": 0.0018212701760086359,
    "model.layers.11.self_attn.o_proj": 0.0005764213262819776,
    "model.layers.11.self_attn.rotary_emb": NaN,
    "model.layers.11.mlp.gate_proj": 0.002420465930614596,
    "model.layers.11.mlp.up_proj": 0.0027225531783758427,
    "model.layers.11.mlp.down_proj": 0.0024806424683215572,
    "model.layers.11.mlp.act_fn": 0.00019713164934145858,
    "model.layers.11.input_layernorm": 0.00031264623006184894,
    "model.layers.11.post_attention_layernorm": 0.00029988226547739865,