{
    "transformer.wte": 6.807014859955886e-05,
    "transformer.wpe": 2.971764268546269e-05,
    "transformer.drop": 6.581914835962756e-05,
    "transformer.h.0.ln_1": 7.757729497449151e-05,
    "transformer.h.0.attn.c_attn": 0.0016940955458016231,
    "transformer.h.0.attn.c_proj": 0.00021457261052624933,
    "transformer.h.0.attn.attn_dropout": 0.0005949834297443258,
    "transformer.h.0.attn.resid_dropout": 6.883308805268386e-05,
    "transformer.h.0.ln_2": 7.396977523277546e-05,
    "transformer.h.0.mlp.c_fc": 0.0005369211065358129,
    "transformer.h.0.mlp.c_proj": 0.0005361959852021316,
    "transformer.h.0.mlp.act": 0.0005723607951197131,
    "transformer.h.0.mlp.dropout": 7.099694219128839e-05,
    "transformer.h.1.ln_1": 7.863291378678947e-05,
    "transformer.h.1.attn.c_attn": 0.0016972328054493872,
    "transformer.h.1.attn.c_proj": 0.00021568413438468145,
    "transformer.h.1.attn.attn_dropout": 0.0005967066205781081,
    "transformer.h.1.attn.resid_dropout": 6.913892154035897e-05,
    "transformer.h.1.ln_2": 7.341319117052801e-05,
    "transformer.h.1.mlp.c_fc": 0.0005376717139934671,
    "transformer.h.1.mlp.c_proj": 0.0005369137073385305,
    "transformer.h.1.mlp.act": 0.0005725794825060614,
    "transformer.h.1.mlp.dropout": 7.028333072004647e-05,
    "transformer.h.2.ln_1": 7.772445678710938e-05,
    "transformer.h.2.attn.c_attn": 0.001700959534480654,
    "transformer.h.2.attn.c_proj": 0.00021584527245883283,
    "transformer.h.2.attn.attn_dropout": 0.0005982629184065194,
    "transformer.h.2.attn.resid_dropout": 6.903697704446727e-05,
    "transformer.h.2.ln_2": 7.38333011495656e-05,
    "transformer.h.2.mlp.c_fc": 0.0005396670308606378,
    "transformer.h.2.mlp.c_proj": 0.0005379010891092235,
    "transformer.h.2.mlp.act": 0.0005730267228751347,
    "transformer.h.2.mlp.dropout": 7.093939287909146e-05,
    "transformer.h.3.ln_1": 7.755345311658136e-05,
    "transformer.h.3.attn.c_attn": 0.001703661063621784,
    "transformer.h.3.attn.c_proj": 0.00021805434391416353,
    "transformer.h.3.attn.attn_dropout": 0.0005989732413456358,
    "transformer.h.3.attn.resid_dropout": 6.975963197905442e-05,
    "transformer.h.3.ln_2": 8.656978607177735e-05,
    "transformer.h.3.mlp.c_fc": 0.0005409972421054183,
    "transformer.h.3.mlp.c_proj": 0.0005395313789104593,
    "transformer.h.3.mlp.act": 0.0005729083357186154,
    "transformer.h.3.mlp.dropout": 7.072152762577451e-05,
    "transformer.h.4.ln_1": 7.796698603136786e-05,
    "transformer.h.4.attn.c_attn": 0.0017070013901283002,
    "transformer.h.4.attn.c_proj": 0.00021817766386887123,
    "transformer.h.4.attn.attn_dropout": 0.0006009430720888335,
    "transformer.h.4.attn.resid_dropout": 6.92984153484476e-05,
    "transformer.h.4.ln_2": 7.354391032251818e-05,
    "transformer.h.4.mlp.c_fc": 0.0005417955332788928,
    "transformer.h.4.mlp.c_proj": 0.0005403551562079068,
    "transformer.h.4.mlp.act": 0.0005733120030370251,
    "transformer.h.4.mlp.dropout": 7.096734540215853e-05,
    "transformer.h.5.ln_1": 7.781489142056169e-05,
    "transformer.h.5.attn.c_attn": 0.001709633860094794,
    "transformer.h.5.attn.c_proj": 0.00021857475412303003,
    "transformer.h.5.attn.attn_dropout": 0.0006021696945716595,
    "transformer.h.5.attn.resid_dropout": 6.946284195472455e-05,
    "transformer.h.5.ln_2": 7.363187855687635e-05,
    "transformer.h.5.mlp.c_fc": 0.0005442208257214776,
    "transformer.h.5.mlp.c_proj": 0.0005433789614973397,
    "transformer.h.5.mlp.act": 0.000573202659343851,
    "transformer.h.5.mlp.dropout": 7.114410400390624e-05,
    "transformer.h.6.ln_1": 7.815772089464911e-05,
    "transformer.h.6.attn.c_attn": 0.0017162914933829471,
    "transformer.h.6.attn.c_proj": 0.00021951034151274583,
    "transformer.h.6.attn.attn_dropout": 0.0006042102287555563,
    "transformer.h.6.attn.resid_dropout": 6.924415456837621e-05,
    "transformer.h.6.ln_2": 7.315750779776738e-05,
    "transformer.h.6.mlp.c_fc": 0.0005463748142637056,
    "transformer.h.6.mlp.c_proj": 0.0005441534108129041,
    "transformer.h.6.mlp.act": 0.0005737354015481883,
    "transformer.h.6.mlp.dropout": 7.076838920856345e-05,
    "transformer.h.7.ln_1": 7.722788843615301e-05,
    "transformer.h.7.attn.c_attn": 0.0017190472833041486,
    "transformer.h.7.attn.c_proj": 0.00021908858726764547,
    "transformer.h.7.attn.attn_dropout": 0.0006036766644181876,
    "transformer.h.7.attn.resid_dropout": 6.91701625955516e-05,
    "transformer.h.7.ln_2": 7.250062350569101e-05,
    "transformer.h.7.mlp.c_fc": 0.0005455181516450027,
    "transformer.h.7.mlp.c_proj": 0.0005450602235465215,
    "transformer.h.7.mlp.act": 0.0005729091578516467,
    "transformer.h.7.mlp.dropout": 7.092459448452653e-05,
    "transformer.h.8.ln_1": 7.689903522359914e-05,
    "transformer.h.8.attn.c_attn": 0.0017152810918873755,
    "transformer.h.8.attn.c_proj": 0.00021817848600190262,
    "transformer.h.8.attn.attn_dropout": 0.0006025824053534146,
    "transformer.h.8.attn.resid_dropout": 6.925073163262729e-05,
    "transformer.h.8.ln_2": 7.259352453823747e-05,
    "transformer.h.8.mlp.c_fc": 0.0005438631978528253,
    "transformer.h.8.mlp.c_proj": 0.0005436173800764413,
    "transformer.h.8.mlp.act": 0.0005727085573919888,
    "transformer.h.8.mlp.dropout": 7.126249116042564e-05,
    "transformer.h.9.ln_1": 7.741944543246565e-05,
    "transformer.h.9.attn.c_attn": 0.0017162027030155577,
    "transformer.h.9.attn.c_proj": 0.00021779454987624596,
    "transformer.h.9.attn.attn_dropout": 0.0006024286664765456,
    "transformer.h.9.attn.resid_dropout": 6.903286637931035e-05,
    "transformer.h.9.ln_2": 7.284509724584119e-05,
    "transformer.h.9.mlp.c_fc": 0.0005430583296150997,
    "transformer.h.9.mlp.c_proj": 0.0005418185530037716,
    "transformer.h.9.mlp.act": 0.0005728031026905981,
    "transformer.h.9.mlp.dropout": 8.183183341190733e-05,
    "transformer.h.10.ln_1": 7.726488442256533e-05,
    "transformer.h.10.attn.c_attn": 0.0017050110060593177,
    "transformer.h.10.attn.c_proj": 0.00021510781912968078,
    "transformer.h.10.attn.attn_dropout": 0.0005977351090003704,
    "transformer.h.10.attn.resid_dropout": 6.929019401813376e-05,
    "transformer.h.10.ln_2": 7.358419484105603e-05,
    "transformer.h.10.mlp.c_fc": 0.0005385152224836678,
    "transformer.h.10.mlp.c_proj": 0.0005400526112523572,
    "transformer.h.10.mlp.act": 0.0005730259007421033,
    "transformer.h.10.mlp.dropout": 7.243238646408608e-05,
    "transformer.h.11.ln_1": 7.879158546184671e-05,
    "transformer.h.11.attn.c_attn": 0.0016953706741333007,
    "transformer.h.11.attn.c_proj": 0.0002143045951580179,
    "transformer.h.11.attn.attn_dropout": 0.0005960152066987137,
    "transformer.h.11.attn.resid_dropout": 7.164313875395676e-05,
    "transformer.h.11.ln_2": 7.539288751010237e-05,
    "transformer.h.11.mlp.c_fc": 0.0005369622131873821,
    "transformer.h.11.mlp.c_proj": 0.0005362231155921673,
    "transformer.h.11.mlp.act": 0.0005744309260927397,
    "transformer.h.11.mlp.dropout": 6.299923206197804e-05,
    "transformer.ln_f": 9.840521319159146e-05,
    "lm_head": 0.009622546722149027
}