{
  "algorithm_times": {
    "H_10": {
      "sgd": 4.011543910176081,
      "pipe_sgd": 2.9804170835718966,
      "localsgd": 1.6889307332502035,
      "pipe_seq_localsgd": 1.5799866326656433,
      "dream_ddp": 1.5435580802356608
    }
  },
  "speedups": {
    "H_10": {
      "over_pipe_sgd": 1.9308745953484725,
      "over_localsgd": 1.0941802287040265
    }
  }
}