{
  "algorithm_times": {
    "H_10": {
      "sgd": 3.5733161870170993,
      "pipe_sgd": 2.5424714583353403,
      "localsgd": 1.2513384356614121,
      "pipe_seq_localsgd": 1.1424176043126673,
      "dream_ddp": 1.1059840674326729
    }
  },
  "speedups": {
    "H_10": {
      "over_pipe_sgd": 2.2988319029198983,
      "over_localsgd": 1.1314253726693833
    }
  }
}