{
  "algorithm_times": {
    "H_10": {
      "sgd": 1.8322909353605488,
      "pipe_sgd": 1.4655055368648193,
      "localsgd": 1.0061068252488623,
      "pipe_seq_localsgd": 0.932707371121171,
      "dream_ddp": 0.9241425416811682
    }
  },
  "speedups": {
    "H_10": {
      "over_pipe_sgd": 1.585800318421466,
      "over_localsgd": 1.088692252407932
    }
  }
}